Family,Supertype,Switch Type,Model,Switch Category,Downlink Type,Downlink Port Count,Downlink Port speed,Uplink Port type,Uplink port count,Uplink Speed,Modules supported,Line Cards Supported,PoE type,Unified Architecture,Fans,Stacking,Power supply,Layer3 support,Features,Description,Notes,Datasheet
Meraki,MS130 COMPACT,Rack,MS130-8-HW,Access,Copper,8,1G,Fiber,2,1Gbps,No,,,No,Fanless,No,Fixed,L2 Access,SMB,MS130 COMPACT: 8x 1G Copper downlinks and 2x 1Gbps Fiber uplinks,Meraki MS Switches: Add powercord separately (ma-pwr-cord-eu)!,https://documentation.meraki.com/Switching/MS_-_Switches/Product_Information/Overviews_and_Datasheets/MS130_Datasheet
Meraki,MS130 COMPACT,Rack,MS130-8P-HW,Access,Copper,8,1G,Fiber,2,1Gbps,No,,PoE+,No,Fanless,No,Fixed,L2 Access,"PoE, SMB",MS130 COMPACT: 8x PoE+ 1G Copper downlinks and 2x 1Gbps Fiber uplinks,Meraki MS Switches: Add powercord separately (ma-pwr-cord-eu)!,https://documentation.meraki.com/Switching/MS_-_Switches/Product_Information/Overviews_and_Datasheets/MS130_Datasheet
Meraki,MS130 COMPACT,Rack,MS130-8P-I-HW,Access,Copper,8,1G,Fiber,2,1Gbps,No,,PoE+,No,Fanless,No,Fixed,L2 Access,"PoE, SMB",MS130 COMPACT: 8x PoE+ 1G Copper downlinks and 2x 1Gbps Fiber uplinks,Meraki MS Switches: Add powercord separately (ma-pwr-cord-eu)!,https://documentation.meraki.com/Switching/MS_-_Switches/Product_Information/Overviews_and_Datasheets/MS130_Datasheet
Meraki,MS130 COMPACT,Rack,MS130-8X-HW,Access,Copper,8,2.5G,Fiber,2,10Gbps,No,,,No,Fanless,No,Fixed,L2 Access,"Multigigabit, SMB",MS130 COMPACT: 8x 2.5G Copper downlinks and 2x 10Gbps Fiber uplinks,Meraki MS Switches: Add powercord separately (ma-pwr-cord-eu)!,https://documentation.meraki.com/Switching/MS_-_Switches/Product_Information/Overviews_and_Datasheets/MS130_Datasheet
Meraki,MS130 COMPACT,Rack,MS130-12X-HW,Access,Copper,12,2.5G,Fiber,2,10Gbps,No,,,No,Fanless,No,Fixed,L2 Access,"Multigigabit, SMB",MS130 COMPACT: 12x 2.5G Copper downlinks and 2x 10Gbps Fiber uplinks,Meraki MS Switches: Add powercord separately (ma-pwr-cord-eu)!,https://documentation.meraki.com/Switching/MS_-_Switches/Product_Information/Overviews_and_Datasheets/MS130_Datasheet
Meraki,MS130,Rack,MS130-24-HW,Access,Copper,24,1G,Fiber,4,1Gbps,No,,,No,Fixed,No,Fixed,L2 Access,"Fan, SMB",MS130: 24x 1G Copper downlinks and 4x 1Gbps Fiber uplinks,Meraki MS Switches: Add powercord separately (ma-pwr-cord-eu)!,https://documentation.meraki.com/Switching/MS_-_Switches/Product_Information/Overviews_and_Datasheets/MS130_Datasheet
Meraki,MS130,Rack,MS130-24P-HW,Access,Copper,24,1G,Fiber,4,1Gbps,No,,PoE+,No,Fixed,No,Fixed,L2 Access,"PoE, Fan, SMB",MS130: 24x PoE+ 1G Copper downlinks and 4x 1Gbps Fiber uplinks,Meraki MS Switches: Add powercord separately (ma-pwr-cord-eu)!,https://documentation.meraki.com/Switching/MS_-_Switches/Product_Information/Overviews_and_Datasheets/MS130_Datasheet
Meraki,MS130,Rack,MS130-24X-HW,Access,Copper,24,2.5G,Fiber,4,10Gbps,No,,,No,Fixed,No,Fixed,L2 Access,"Multigigabit, Fan, SMB",MS130: 24x 2.5G Copper downlinks and 4x 10Gbps Fiber uplinks,Meraki MS Switches: Add powercord separately (ma-pwr-cord-eu)!,https://documentation.meraki.com/Switching/MS_-_Switches/Product_Information/Overviews_and_Datasheets/MS130_Datasheet
Meraki,MS130,Rack,MS130-48-HW,Access,Copper,48,1G,Fiber,4,1Gbps,No,,,No,Fixed,No,Fixed,L2 Access,"Fan, SMB",MS130: 48x 1G Copper downlinks and 4x 1Gbps Fiber uplinks,Meraki MS Switches: Add powercord separately (ma-pwr-cord-eu)!,https://documentation.meraki.com/Switching/MS_-_Switches/Product_Information/Overviews_and_Datasheets/MS130_Datasheet
Meraki,MS130,Rack,MS130-48P-HW,Access,Copper,48,1G,Fiber,4,1Gbps,No,,PoE+,No,Fixed,No,Fixed,L2 Access,"PoE, Fan, SMB",MS130: 48x PoE+ 1G Copper downlinks and 4x 1Gbps Fiber uplinks,Meraki MS Switches: Add powercord separately (ma-pwr-cord-eu)!,https://documentation.meraki.com/Switching/MS_-_Switches/Product_Information/Overviews_and_Datasheets/MS130_Datasheet
Meraki,MS130,Rack,MS130-48X-HW,Access,Copper,48,2.5G,Fiber,4,10Gbps,No,,,No,Fixed,No,Fixed,L2 Access,"Multigigabit, Fan, SMB",MS130: 48x 2.5G Copper downlinks and 4x 10Gbps Fiber uplinks,Meraki MS Switches: Add powercord separately (ma-pwr-cord-eu)!,https://documentation.meraki.com/Switching/MS_-_Switches/Product_Information/Overviews_and_Datasheets/MS130_Datasheet
Meraki,MS130R,Rugged,MS130R-8P-HW,Access,Copper,8,1G,Fiber,2,1Gbps,No,,PoE+,No,Fanless,No,Fixed,L2 Access,"rugged, PoE, SMB",MS130R: 8x PoE+ 1G Copper downlinks and 2x 1Gbps Fiber uplinks Rugged,"Meraki MS Switches: Add powercord separately (ma-pwr-cord-eu)!

Power supplies must be ordered separately for this model!
-MA-PWR-300W-INDADP
-PWR-IE240W-PCAC-L=
-PWR-IE480W-PCAC-L=",https://documentation.meraki.com/Switching/MS_-_Switches/Product_Information/Overviews_and_Datasheets/MS130R_Datasheet
Meraki,MS150,Rack,MS150-24T-4G,Access,Copper,24,1G,Fiber,4,1Gbps,No,,,No,Fixed,No,Fixed,L2 Access,Fan,MS150: 24x 1G Copper downlinks and 4x 1Gbps Fiber uplinks,Meraki MS Switches: Add powercord separately (ma-pwr-cord-eu)!,https://documentation.meraki.com/Switching/MS_-_Switches/Install_and_Get_Started/Installation_Guides/MS150_Series_Installation_Guide
Meraki,MS150,Rack,MS150-24P-4G,Access,Copper,24,1G,Fiber,4,1Gbps,No,,PoE+,No,Fixed,No,Fixed,L2 Access,"PoE, Fan",MS150: 24x PoE+ 1G Copper downlinks and 4x 1Gbps Fiber uplinks,Meraki MS Switches: Add powercord separately (ma-pwr-cord-eu)!,https://documentation.meraki.com/Switching/MS_-_Switches/Install_and_Get_Started/Installation_Guides/MS150_Series_Installation_Guide
Meraki,MS150,Rack,MS150-48T-4G,Access,Copper,48,1G,Fiber,4,1Gbps,No,,,No,Fixed,No,Fixed,L2 Access,Fan,MS150: 48x 1G Copper downlinks and 4x 1Gbps Fiber uplinks,Meraki MS Switches: Add powercord separately (ma-pwr-cord-eu)!,https://documentation.meraki.com/Switching/MS_-_Switches/Install_and_Get_Started/Installation_Guides/MS150_Series_Installation_Guide
Meraki,MS150,Rack,MS150-48LP-4G,Access,Copper,48,1G,Fiber,4,1Gbps,No,,PoE+,No,Fixed,No,Fixed,L2 Access,"PoE, Fan",MS150: 48x PoE+ 1G Copper downlinks and 4x 1Gbps Fiber uplinks,Meraki MS Switches: Add powercord separately (ma-pwr-cord-eu)!,https://documentation.meraki.com/Switching/MS_-_Switches/Install_and_Get_Started/Installation_Guides/MS150_Series_Installation_Guide
Meraki,MS150,Rack,MS150-48FP-4G,Access,Copper,48,1G,Fiber,4,1Gbps,No,,PoE+,No,Fixed,No,Fixed,L2 Access,"PoE, Fan",MS150: 48x PoE+ 1G Copper downlinks and 4x 1Gbps Fiber uplinks,Meraki MS Switches: Add powercord separately (ma-pwr-cord-eu)!,https://documentation.meraki.com/Switching/MS_-_Switches/Install_and_Get_Started/Installation_Guides/MS150_Series_Installation_Guide
Meraki,MS150,Rack,MS150-24T-4X,Access,Copper,24,1G,Fiber,4,10Gbps,No,,,No,Fixed,No,Fixed,L2 Access,Fan,MS150: 24x 1G Copper downlinks and 4x 10Gbps Fiber uplinks,Meraki MS Switches: Add powercord separately (ma-pwr-cord-eu)!,https://documentation.meraki.com/Switching/MS_-_Switches/Install_and_Get_Started/Installation_Guides/MS150_Series_Installation_Guide
Meraki,MS150,Rack,MS150-24P-4X,Access,Copper,24,1G,Fiber,4,10Gbps,No,,PoE+,No,Fixed,No,Fixed,L2 Access,"PoE, Fan",MS150: 24x PoE+ 1G Copper downlinks and 4x 10Gbps Fiber uplinks,Meraki MS Switches: Add powercord separately (ma-pwr-cord-eu)!,https://documentation.meraki.com/Switching/MS_-_Switches/Install_and_Get_Started/Installation_Guides/MS150_Series_Installation_Guide
Meraki,MS150,Rack,MS150-48T-4X,Access,Copper,48,1G,Fiber,4,10Gbps,No,,,No,Fixed,No,Fixed,L2 Access,Fan,MS150: 48x 1G Copper downlinks and 4x 10Gbps Fiber uplinks,Meraki MS Switches: Add powercord separately (ma-pwr-cord-eu)!,https://documentation.meraki.com/Switching/MS_-_Switches/Install_and_Get_Started/Installation_Guides/MS150_Series_Installation_Guide
Meraki,MS150,Rack,MS150-48LP-4X,Access,Copper,48,1G,Fiber,4,10Gbps,No,,PoE+,No,Fixed,No,Fixed,L2 Access,"PoE, Fan",MS150: 48x PoE+ 1G Copper downlinks and 4x 10Gbps Fiber uplinks,Meraki MS Switches: Add powercord separately (ma-pwr-cord-eu)!,https://documentation.meraki.com/Switching/MS_-_Switches/Install_and_Get_Started/Installation_Guides/MS150_Series_Installation_Guide
Meraki,MS150,Rack,MS150-48FP-4X,Access,Copper,48,1G,Fiber,4,10Gbps,No,,PoE+,No,Fixed,No,Fixed,L2 Access,"PoE, Fan",MS150: 48x PoE+ 1G Copper downlinks and 4x 10Gbps Fiber uplinks,Meraki MS Switches: Add powercord separately (ma-pwr-cord-eu)!,https://documentation.meraki.com/Switching/MS_-_Switches/Install_and_Get_Started/Installation_Guides/MS150_Series_Installation_Guide
Meraki,MS150,Rack,MS150-24MP-4X,Access,Copper,24,2.5G,Fiber,4,10Gbps,No,,PoE+,No,Fixed,No,Fixed,L2 Access,"PoE, Multigigabit, Fan",MS150: 24x PoE+ 2.5G Copper downlinks and 4x 10Gbps Fiber uplinks,Meraki MS Switches: Add powercord separately (ma-pwr-cord-eu)!,https://documentation.meraki.com/Switching/MS_-_Switches/Install_and_Get_Started/Installation_Guides/MS150_Series_Installation_Guide
Meraki,MS150,Rack,MS150-48MP-4X,Access,Copper,48,2.5G,Fiber,4,10Gbps,No,,PoE+,No,Fixed,No,Fixed,Basic L3,"PoE, Multigigabit, Fan",MS150: 48x PoE+ 2.5G Copper downlinks and 4x 10Gbps Fiber uplinks,Meraki MS Switches: Add powercord separately (ma-pwr-cord-eu)!,https://documentation.meraki.com/Switching/MS_-_Switches/Install_and_Get_Started/Installation_Guides/MS150_Series_Installation_Guide
Meraki,MS210,Rack,MS210-24-HW,Access,Copper,24,1G,Fiber,4,1Gbps,No,,,No,Fixed,Yes,Fixed,Basic L3,"Stacking, Fan",MS210: 24x 1G Copper downlinks and 4x 1Gbps Fiber uplinks,Meraki MS Switches: Add powercord separately (ma-pwr-cord-eu)!,https://documentation.meraki.com/Switching/MS_-_Switches/Product_Information/Overviews_and_Datasheets/MS210_Overview_and_Specifications
Meraki,MS210,Rack,MS210-24P-HW,Access,Copper,24,1G,Fiber,4,1Gbps,No,,PoE+,No,Fixed,Yes,Fixed,Basic L3,"PoE, Stacking, Fan",MS210: 24x PoE+ 1G Copper downlinks and 4x 1Gbps Fiber uplinks,Meraki MS Switches: Add powercord separately (ma-pwr-cord-eu)!,https://documentation.meraki.com/Switching/MS_-_Switches/Product_Information/Overviews_and_Datasheets/MS210_Overview_and_Specifications
Meraki,MS210,Rack,MS210-48-HW,Access,Copper,48,1G,Fiber,4,1Gbps,No,,,No,Fixed,Yes,Fixed,Basic L3,"Stacking, Fan",MS210: 48x 1G Copper downlinks and 4x 1Gbps Fiber uplinks,Meraki MS Switches: Add powercord separately (ma-pwr-cord-eu)!,https://documentation.meraki.com/Switching/MS_-_Switches/Product_Information/Overviews_and_Datasheets/MS210_Overview_and_Specifications
Meraki,MS210,Rack,MS210-48LP-HW,Access,Copper,48,1G,Fiber,4,1Gbps,No,,PoE+,No,Fixed,Yes,Fixed,Basic L3,"PoE, Stacking, Fan",MS210: 48x PoE+ 1G Copper downlinks and 4x 1Gbps Fiber uplinks,Meraki MS Switches: Add powercord separately (ma-pwr-cord-eu)!,https://documentation.meraki.com/Switching/MS_-_Switches/Product_Information/Overviews_and_Datasheets/MS210_Overview_and_Specifications
Meraki,MS210,Rack,MS210-48FP-HW,Access,Copper,48,1G,Fiber,4,1Gbps,No,,PoE+,No,Fixed,Yes,Fixed,Basic L3,"PoE, Stacking, Fan",MS210: 48x PoE+ 1G Copper downlinks and 4x 1Gbps Fiber uplinks,Meraki MS Switches: Add powercord separately (ma-pwr-cord-eu)!,https://documentation.meraki.com/Switching/MS_-_Switches/Product_Information/Overviews_and_Datasheets/MS210_Overview_and_Specifications
Meraki,MS450,Rack,MS450-12-HW,Distribution,Fiber,12,40G,Fiber,2,100Gbps,No,,,No,Redundant,Yes,Modular Redundant,Full L3,"Stacking,  Redundant PSU, Fan",MS450: 12x 40G Fiber downlinks and 2x 100Gbps Fiber uplinks,Meraki MS Switches: Add powercord separately (ma-pwr-cord-eu)!,https://documentation.meraki.com/Switching/MS_-_Switches/Install_and_Get_Started/Installation_Guides/MS450_Series_Installation_Guide
Meraki,9200L-M,Rack,C9200L-24T-4X-M,Access,Copper,24,1G,Fiber,4,10Gbps,No,,,Yes,Redundant,Yes,Modular Redundant,Full L3,"Stacking, Redundant PSU, Fan",9200L-M: 24x 1G Copper downlinks and 4x 10Gbps Fiber uplinks,"Meraki Switches: Add powercord separately (ma-pwr-cord-eu)!
No support for BGP, PTP, MACSEC-256 on 9200/9200L series",https://www.cisco.com/c/en/us/products/switches/catalyst-9200-series-switches/datasheet-listing.html
Meraki,9200L-M,Rack,C9200L-48T-4X-M,Access,Copper,48,1G,Fiber,4,10Gbps,No,,,Yes,Redundant,Yes,Modular Redundant,Full L3,"Stacking, Redundant PSU, Fan",9200L-M: 48x 1G Copper downlinks and 4x 10Gbps Fiber uplinks,"Meraki Switches: Add powercord separately (ma-pwr-cord-eu)!
No support for BGP, PTP, MACSEC-256 on 9200/9200L series",https://www.cisco.com/c/en/us/products/switches/catalyst-9200-series-switches/datasheet-listing.html
Meraki,9200L-M,Rack,C9200L-24T-4G-M,Access,Copper,24,1G,Fiber,4,1Gbps,No,,,Yes,Redundant,Yes,Modular Redundant,Full L3,"Stacking, Redundant PSU, Fan",9200L-M: 24x 1G Copper downlinks and 4x 1Gbps Fiber uplinks,"Meraki Switches: Add powercord separately (ma-pwr-cord-eu)!
No support for BGP, PTP, MACSEC-256 on 9200/9200L series",https://www.cisco.com/c/en/us/products/switches/catalyst-9200-series-switches/datasheet-listing.html
Meraki,9200L-M,Rack,C9200L-48T-4G-M,Access,Copper,48,1G,Fiber,4,1Gbps,No,,,Yes,Redundant,Yes,Modular Redundant,Full L3,"Stacking, Redundant PSU, Fan",9200L-M: 48x 1G Copper downlinks and 4x 1Gbps Fiber uplinks,"Meraki Switches: Add powercord separately (ma-pwr-cord-eu)!
No support for BGP, PTP, MACSEC-256 on 9200/9200L series",https://www.cisco.com/c/en/us/products/switches/catalyst-9200-series-switches/datasheet-listing.html
Meraki,9200L-M,Rack,C9200L-24P-4X-M,Access,Copper,24,1G,Fiber,4,10Gbps,No,,PoE+,Yes,Redundant,Yes,Modular Redundant,Full L3,"PoE, Stacking, Redundant PSU, Fan",9200L-M: 24x PoE+ 1G Copper downlinks and 4x 10Gbps Fiber uplinks,"Meraki Switches: Add powercord separately (ma-pwr-cord-eu)!
No support for BGP, PTP, MACSEC-256 on 9200/9200L series",https://www.cisco.com/c/en/us/products/switches/catalyst-9200-series-switches/datasheet-listing.html
Meraki,9200L-M,Rack,C9200L-24P-4G-M,Access,Copper,24,1G,Fiber,4,1Gbps,No,,PoE+,Yes,Redundant,Yes,Modular Redundant,Full L3,"PoE, Stacking, Redundant PSU, Fan",9200L-M: 24x PoE+ 1G Copper downlinks and 4x 1Gbps Fiber uplinks,"Meraki Switches: Add powercord separately (ma-pwr-cord-eu)!
No support for BGP, PTP, MACSEC-256 on 9200/9200L series",https://www.cisco.com/c/en/us/products/switches/catalyst-9200-series-switches/datasheet-listing.html
Meraki,9200L-M,Rack,C9200L-48PL-4X-M,Access,Copper,48,1G,Fiber,4,10Gbps,No,,PoE+,Yes,Redundant,Yes,Modular Redundant,Full L3,"PoE, Stacking, Redundant PSU, Fan",9200L-M: 48x PoE+ 1G Copper downlinks and 4x 10Gbps Fiber uplinks,"Meraki Switches: Add powercord separately (ma-pwr-cord-eu)!
No support for BGP, PTP, MACSEC-256 on 9200/9200L series",https://www.cisco.com/c/en/us/products/switches/catalyst-9200-series-switches/datasheet-listing.html
Meraki,9200L-M,Rack,C9200L-48P-4X-M,Access,Copper,48,1G,Fiber,4,10Gbps,No,,PoE+,Yes,Redundant,Yes,Modular Redundant,Full L3,"PoE, Stacking, Redundant PSU, Fan",9200L-M: 48x PoE+ 1G Copper downlinks and 4x 10Gbps Fiber uplinks,"Meraki Switches: Add powercord separately (ma-pwr-cord-eu)!
No support for BGP, PTP, MACSEC-256 on 9200/9200L series",https://www.cisco.com/c/en/us/products/switches/catalyst-9200-series-switches/datasheet-listing.html
Meraki,9200L-M,Rack,C9200L-48P-4G-M,Access,Copper,48,1G,Fiber,4,1Gbps,No,,PoE+,Yes,Redundant,Yes,Modular Redundant,Full L3,"PoE, Stacking, Redundant PSU, Fan",9200L-M: 48x PoE+ 1G Copper downlinks and 4x 1Gbps Fiber uplinks,"Meraki Switches: Add powercord separately (ma-pwr-cord-eu)!
No support for BGP, PTP, MACSEC-256 on 9200/9200L series",https://www.cisco.com/c/en/us/products/switches/catalyst-9200-series-switches/datasheet-listing.html
Meraki,9200L-M,Rack,C9200L-48PL-4G-M,Access,Copper,48,1G,Fiber,4,1Gbps,No,,PoE+,Yes,Redundant,Yes,Modular Redundant,Full L3,"PoE, Stacking, Redundant PSU, Fan",9200L-M: 48x PoE+ 1G Copper downlinks and 4x 1Gbps Fiber uplinks,"Meraki Switches: Add powercord separately (ma-pwr-cord-eu)!
No support for BGP, PTP, MACSEC-256 on 9200/9200L series",https://www.cisco.com/c/en/us/products/switches/catalyst-9200-series-switches/datasheet-listing.html
Meraki,9200L-M,Rack,C9200L-24PXG-4X-M,Access,Copper,24,10G,Fiber,4,10Gbps,No,,PoE+,Yes,Redundant,Yes,Modular Redundant,Full L3,"PoE, Stacking, Multigigabit, Redundant PSU, Fan","9200L-M:24 ports full PoE+ (8 mGig ports up to 10G, 16 ports up to 1G) and 4x 10Gbps Fiber uplinks","Meraki Switches: Add powercord separately (ma-pwr-cord-eu)!
No support for BGP, PTP, MACSEC-256 on 9200/9200L series",https://www.cisco.com/c/en/us/products/switches/catalyst-9200-series-switches/datasheet-listing.html
Meraki,9200L-M,Rack,C9200L-24PXG-2Y-M,Access,Copper,24,10G,Fiber,2,25Gbps,No,,PoE+,Yes,Redundant,Yes,Modular Redundant,Full L3,"PoE, Stacking, Multigigabit, Redundant PSU, Fan","9200L-M: 24 ports full PoE+ (8 mGig ports up to 10G, 16 ports up to 1G) and 2x 25Gbps Fiber uplinks","Meraki Switches: Add powercord separately (ma-pwr-cord-eu)!
No support for BGP, PTP, MACSEC-256 on 9200/9200L series",https://www.cisco.com/c/en/us/products/switches/catalyst-9200-series-switches/datasheet-listing.html
Meraki,9200L-M,Rack,C9200L-48PXG-4X-M,Access,Copper,48,10G,Fiber,4,10Gbps,No,,PoE+,Yes,Redundant,Yes,Modular Redundant,Full L3,"PoE, Stacking, Multigigabit, Redundant PSU, Fan","9200L-M: 48 ports full POE+ (12 mGig ports up to 10G, 36 ports up to 1G) and 4x 10Gbps Fiber uplinks","Meraki Switches: Add powercord separately (ma-pwr-cord-eu)!
No support for BGP, PTP, MACSEC-256 on 9200/9200L series",https://www.cisco.com/c/en/us/products/switches/catalyst-9200-series-switches/datasheet-listing.html
Meraki,9200L-M,Rack,C9200L-48PXG-2Y-M,Access,Copper,48,10G,Fiber,2,25Gbps,No,,PoE+,Yes,Redundant,Yes,Modular Redundant,Full L3,"PoE, Stacking, Multigigabit, Redundant PSU, Fan","9200L-M: 48 ports full POE+ (12 mGig ports up to 10G, 36 ports up to 1G) and 2x 25Gbps Fiber uplinks","Meraki Switches: Add powercord separately (ma-pwr-cord-eu)!
No support for BGP, PTP, MACSEC-256 on 9200/9200L series",https://www.cisco.com/c/en/us/products/switches/catalyst-9200-series-switches/datasheet-listing.html
Meraki,9300-M,Rack,C9300-24T-M,Access,Copper,24,1G,Modular,Modular,Modular,Yes,,,Yes,Redundant,Yes,Modular Redundant,Full L3,"Stacking,  StackPower, Redundant PSU, Fan",9300-M: 24x 1G Copper downlinks and Modular uplinks,Meraki Switches: Add powercord separately (ma-pwr-cord-eu)!,https://www.cisco.com/c/en/us/products/switches/catalyst-9300-series-switches/datasheet-listing.html
Meraki,9300-M,Rack,C9300-24P-M,Access,Copper,24,1G,Modular,Modular,Modular,Yes,,PoE+,Yes,Redundant,Yes,Modular Redundant,Full L3,"PoE, Stacking,  StackPower, Redundant PSU, Fan",9300-M: 24x PoE+ 1G Copper downlinks and Modular uplinks,Meraki Switches: Add powercord separately (ma-pwr-cord-eu)!,https://www.cisco.com/c/en/us/products/switches/catalyst-9300-series-switches/datasheet-listing.html
Meraki,9300-M,Rack,C9300-24U-M,Access,Copper,24,1G,Modular,Modular,Modular,Yes,,UPOE,Yes,Redundant,Yes,Modular Redundant,Full L3,"PoE, Stacking,  StackPower, Redundant PSU, Fan",9300-M: 24x UPOE 1G Copper downlinks and Modular uplinks,Meraki Switches: Add powercord separately (ma-pwr-cord-eu)!,https://www.cisco.com/c/en/us/products/switches/catalyst-9300-series-switches/datasheet-listing.html
Meraki,9300-M,Rack,C9300-48T-M,Access,Copper,48,1G,Modular,Modular,Modular,Yes,,,Yes,Redundant,Yes,Modular Redundant,Full L3,"Stacking,  StackPower, Redundant PSU, Fan",9300-M: 48x 1G Copper downlinks and Modular uplinks,Meraki Switches: Add powercord separately (ma-pwr-cord-eu)!,https://www.cisco.com/c/en/us/products/switches/catalyst-9300-series-switches/datasheet-listing.html
Meraki,9300-M,Rack,C9300-48P-M,Access,Copper,48,1G,Modular,Modular,Modular,Yes,,PoE+,Yes,Redundant,Yes,Modular Redundant,Full L3,"PoE, Stacking,  StackPower, Redundant PSU, Fan",9300-M: 48x PoE+ 1G Copper downlinks and Modular uplinks,Meraki Switches: Add powercord separately (ma-pwr-cord-eu)!,https://www.cisco.com/c/en/us/products/switches/catalyst-9300-series-switches/datasheet-listing.html
Meraki,9300-M,Rack,C9300-48U-M,Access,Copper,48,1G,Modular,Modular,Modular,Yes,,UPOE,Yes,Redundant,Yes,Modular Redundant,Full L3,"PoE, Stacking,  StackPower, Redundant PSU, Fan",9300-M: 48x UPOE 1G Copper downlinks and Modular uplinks,Meraki Switches: Add powercord separately (ma-pwr-cord-eu)!,https://www.cisco.com/c/en/us/products/switches/catalyst-9300-series-switches/datasheet-listing.html
Meraki,9300-M,Rack,C9300-24UX-M,Access,Copper,24,10G,Modular,Modular,Modular,Yes,,UPOE,Yes,Redundant,Yes,Modular Redundant,Full L3,"PoE, Stacking, Multigigabit,  StackPower, Redundant PSU, Fan",9300-M: 24x UPOE 10G Copper downlinks and Modular uplinks,Meraki Switches: Add powercord separately (ma-pwr-cord-eu)!,https://www.cisco.com/c/en/us/products/switches/catalyst-9300-series-switches/datasheet-listing.html
Meraki,9300-M,Rack,C9300-48UXM-M,Access,Copper,48,10G,Modular,Modular,Modular,Yes,,UPOE,Yes,Redundant,Yes,Modular Redundant,Full L3,"PoE, Stacking, Multigigabit,  StackPower, Redundant PSU, Fan",9300-M: 48x UPOE 10G Copper downlinks and Modular uplinks,Meraki Switches: Add powercord separately (ma-pwr-cord-eu)!,https://www.cisco.com/c/en/us/products/switches/catalyst-9300-series-switches/datasheet-listing.html
Meraki,9300-M,Rack,C9300-48UN-M,Access,Copper,48,5G,Modular,Modular,Modular,Yes,,UPOE,Yes,Redundant,Yes,Modular Redundant,Full L3,"PoE, Stacking, Multigigabit,  StackPower, Redundant PSU, Fan",9300-M: 48x UPOE 5G Copper downlinks and Modular uplinks,Meraki Switches: Add powercord separately (ma-pwr-cord-eu)!,https://www.cisco.com/c/en/us/products/switches/catalyst-9300-series-switches/datasheet-listing.html
Meraki,9300-M,Rack,C9300-24S-M,Access,Fiber,24,1G,Modular,Modular,Modular,Yes,,,Yes,Redundant,Yes,Modular Redundant,Full L3,"Stacking,  StackPower, Redundant PSU, Fan",9300-M: 24x 1G Fiber downlinks and Modular uplinks,Meraki Switches: Add powercord separately (ma-pwr-cord-eu)!,https://www.cisco.com/c/en/us/products/switches/catalyst-9300-series-switches/datasheet-listing.html
Meraki,9300-M,Rack,C9300-48S-M,Access,Fiber,48,1G,Modular,Modular,Modular,Yes,,,Yes,Redundant,Yes,Modular Redundant,Full L3,"Stacking,  StackPower, Redundant PSU, Fan",9300-M: 48x 1G Fiber downlinks and Modular uplinks,Meraki Switches: Add powercord separately (ma-pwr-cord-eu)!,https://www.cisco.com/c/en/us/products/switches/catalyst-9300-series-switches/datasheet-listing.html
Meraki,9300-M,Module,C9300-NM-4G,Access,,,,Fiber,4,1Gbps,,,,Yes,,,,,,9300-M: 4x 1Gbps Fiber uplinks,Meraki Switches: Add powercord separately (ma-pwr-cord-eu)!,https://www.cisco.com/c/en/us/products/switches/catalyst-9300-series-switches/datasheet-listing.html
Meraki,9300-M,Module,C9300-NM-8X,Access,,,,Fiber,8,10Gbps,,,,Yes,,,,,,9300-M: 8x 10Gbps Fiber uplinks,Meraki Switches: Add powercord separately (ma-pwr-cord-eu)!,https://www.cisco.com/c/en/us/products/switches/catalyst-9300-series-switches/datasheet-listing.html
Meraki,9300-M,Module,C9300-NM-2Q,Access,,,,Fiber,2,40Gbps,,,,Yes,,,,,,9300-M: 2x 40Gbps Fiber uplinks,Meraki Switches: Add powercord separately (ma-pwr-cord-eu)!,https://www.cisco.com/c/en/us/products/switches/catalyst-9300-series-switches/datasheet-listing.html
Meraki,9300-M,Module,C9300-NM-2Y,Access,,,,Fiber,2,25Gbps,,,,Yes,,,,,,9300-M: 2x 25Gbps Fiber uplinks,Meraki Switches: Add powercord separately (ma-pwr-cord-eu)!,https://www.cisco.com/c/en/us/products/switches/catalyst-9300-series-switches/datasheet-listing.html
Meraki,9300-M,Module,C9300-NM-4M,Access,,,,Multigigabit Copper,4,10Gbps,,,,Yes,,,,,,9300-M: 4x 10Gbps Multigigabit Copper uplinks,Meraki Switches: Add powercord separately (ma-pwr-cord-eu)!,https://www.cisco.com/c/en/us/products/switches/catalyst-9300-series-switches/datasheet-listing.html
Meraki,9300-M,Module,C9300-NM-BLANK,Access,,,,,,,,,,Yes,,,,,,,Meraki Switches: Add powercord separately (ma-pwr-cord-eu)!,https://www.cisco.com/c/en/us/products/switches/catalyst-9300-series-switches/datasheet-listing.html
Meraki,9300L-M,Rack,C9300L-24T-4X-M,Access,Copper,24,1G,Fiber,4,10Gbps,No,,,Yes,Redundant,Yes,Modular Redundant,Full L3,"Stacking,  Redundant PSU, Fan",9300L-M: 24x 1G Copper downlinks and 4x 10Gbps Fiber uplinks,Meraki Switches: Add powercord separately (ma-pwr-cord-eu)!,https://www.cisco.com/c/en/us/products/switches/catalyst-9300-series-switches/datasheet-listing.html
Meraki,9300L-M,Rack,C9300L-48T-4X-M,Access,Copper,48,1G,Fiber,4,10Gbps,No,,,Yes,Redundant,Yes,Modular Redundant,Full L3,"Stacking,  Redundant PSU, Fan",9300L-M: 48x 1G Copper downlinks and 4x 10Gbps Fiber uplinks,Meraki Switches: Add powercord separately (ma-pwr-cord-eu)!,https://www.cisco.com/c/en/us/products/switches/catalyst-9300-series-switches/datasheet-listing.html
Meraki,9300L-M,Rack,C9300L-24P-4X-M,Access,Copper,24,1G,Fiber,4,10Gbps,No,,PoE+,Yes,Redundant,Yes,Modular Redundant,Full L3,"PoE, Stacking,  Redundant PSU, Fan",9300L-M: 24x PoE+ 1G Copper downlinks and 4x 10Gbps Fiber uplinks,Meraki Switches: Add powercord separately (ma-pwr-cord-eu)!,https://www.cisco.com/c/en/us/products/switches/catalyst-9300-series-switches/datasheet-listing.html
Meraki,9300L-M,Rack,C9300L-48P-4X-M,Access,Copper,48,1G,Fiber,4,10Gbps,No,,PoE+,Yes,Redundant,Yes,Modular Redundant,Full L3,"PoE, Stacking,  Redundant PSU, Fan",9300L-M: 48x PoE+ 1G Copper downlinks and 4x 10Gbps Fiber uplinks,Meraki Switches: Add powercord separately (ma-pwr-cord-eu)!,https://www.cisco.com/c/en/us/products/switches/catalyst-9300-series-switches/datasheet-listing.html
Meraki,9300L-M,Rack,C9300L-48PF-4X-M,Access,Copper,48,1G,Fiber,4,10Gbps,No,,PoE+,Yes,Redundant,Yes,Modular Redundant,Full L3,"PoE, Stacking,  Redundant PSU, Fan",9300L-M: 48x PoE+ 1G Copper downlinks and 4x 10Gbps Fiber uplinks,Meraki Switches: Add powercord separately (ma-pwr-cord-eu)!,https://www.cisco.com/c/en/us/products/switches/catalyst-9300-series-switches/datasheet-listing.html
Meraki,9300L-M,Rack,C9300L-24UXG-4X-M,Access,Copper,24,10G,Fiber,4,10Gbps,No,,UPOE,Yes,Redundant,Yes,Modular Redundant,Full L3,"PoE, Stacking, Multigigabit,  Redundant PSU, Fan",9300L-M: 24x UPOE 10G Copper downlinks and 4x 10Gbps Fiber uplinks,Meraki Switches: Add powercord separately (ma-pwr-cord-eu)!,https://www.cisco.com/c/en/us/products/switches/catalyst-9300-series-switches/datasheet-listing.html
Meraki,9300L-M,Rack,C9300L-48UXG-4X-M,Access,Copper,48,10G,Fiber,4,10Gbps,No,,UPOE,Yes,Redundant,Yes,Modular Redundant,Full L3,"PoE, Stacking, Multigigabit,  Redundant PSU, Fan",9300L-M: 48x UPOE 10G Copper downlinks and 4x 10Gbps Fiber uplinks,Meraki Switches: Add powercord separately (ma-pwr-cord-eu)!,https://www.cisco.com/c/en/us/products/switches/catalyst-9300-series-switches/datasheet-listing.html
Meraki,9300X-M,Rack,C9300X-48TX-M,Access,Copper,48,10G,Modular,Modular,Modular,Yes,,,Yes,Redundant,Yes,Modular Redundant,Full L3,"Stacking, Multigigabit,  StackPower, Redundant PSU, Fan",9300X-M: 48x 10G Copper downlinks and Modular uplinks,Meraki Switches: Add powercord separately (ma-pwr-cord-eu)!,https://www.cisco.com/c/en/us/products/switches/catalyst-9300-series-switches/datasheet-listing.html
Meraki,9300X-M,Rack,C9300X-24HX-M,Access,Copper,24,10G,Modular,Modular,Modular,Yes,,UPOE+,Yes,Redundant,Yes,Modular Redundant,Full L3,"PoE, Stacking, Multigigabit,  StackPower, Redundant PSU, Fan",9300X-M: 24x UPOE+ 10G Copper downlinks and Modular uplinks,Meraki Switches: Add powercord separately (ma-pwr-cord-eu)!,https://www.cisco.com/c/en/us/products/switches/catalyst-9300-series-switches/datasheet-listing.html
Meraki,9300X-M,Rack,C9300X-48HX-M,Access,Copper,48,10G,Modular,Modular,Modular,Yes,,UPOE+,Yes,Redundant,Yes,Modular Redundant,Full L3,"PoE, Stacking, Multigigabit,  StackPower, Redundant PSU, Fan",9300X-M: 48x UPOE+ 10G Copper downlinks and Modular uplinks,Meraki Switches: Add powercord separately (ma-pwr-cord-eu)!,https://www.cisco.com/c/en/us/products/switches/catalyst-9300-series-switches/datasheet-listing.html
Meraki,9300X-M,Rack,C9300X-48HXN-M,Access,Copper,48,5G,Modular,Modular,Modular,Yes,,UPOE+,Yes,Redundant,Yes,Modular Redundant,Full L3,"PoE, Stacking, Multigigabit,  StackPower, Redundant PSU, Fan",9300X-M: 48x UPOE+ 5G Copper downlinks and Modular uplinks,Meraki Switches: Add powercord separately (ma-pwr-cord-eu)!,https://www.cisco.com/c/en/us/products/switches/catalyst-9300-series-switches/datasheet-listing.html
Meraki,9300X-M,Rack,C9300X-12Y-M,Access,Fiber,12,25G,Modular,Modular,Modular,Yes,,,Yes,Redundant,Yes,Modular Redundant,Full L3,"Stacking,  StackPower, Redundant PSU, Fan",9300X-M: 12x 25G Fiber downlinks and Modular uplinks,Meraki Switches: Add powercord separately (ma-pwr-cord-eu)!,https://www.cisco.com/c/en/us/products/switches/catalyst-9300-series-switches/datasheet-listing.html
Meraki,9300X-M,Rack,C9300X-24Y-M,Access,Fiber,24,25G,Modular,Modular,Modular,Yes,,,Yes,Redundant,Yes,Modular Redundant,Full L3,"Stacking,  StackPower, Redundant PSU, Fan",9300X-M: 24x 25G Fiber downlinks and Modular uplinks,Meraki Switches: Add powercord separately (ma-pwr-cord-eu)!,https://www.cisco.com/c/en/us/products/switches/catalyst-9300-series-switches/datasheet-listing.html
Meraki,9300X-M,Module,C9300X-NM-8M,Access,,,,Multigigabit Copper,8,10Gbps,,,,Yes,,,,,,9300X-M: 8x 10Gbps Multigigabit Copper uplinks,,https://www.cisco.com/c/en/us/products/switches/catalyst-9300-series-switches/datasheet-listing.html
Meraki,9300X-M,Module,C9300X-NM-8Y,Access,,,,Fiber,8,25Gbps,,,,Yes,,,,,,9300X-M: 8x 25Gbps Fiber uplinks,,https://www.cisco.com/c/en/us/products/switches/catalyst-9300-series-switches/datasheet-listing.html
Meraki,9300X-M,Module,C9300X-NM-2C,Access,,,,Fiber,2,100Gbps,,,,Yes,,,,,,9300X-M: 2x 100Gbps Fiber uplinks,,https://www.cisco.com/c/en/us/products/switches/catalyst-9300-series-switches/datasheet-listing.html
Meraki,9300X-M,Module,C9300X-NM-4C,Access,,,,Fiber,4,100Gbps,,,,Yes,,,,,,9300X-M: 4x 100Gbps Fiber uplinks,,https://www.cisco.com/c/en/us/products/switches/catalyst-9300-series-switches/datasheet-listing.html
Meraki,9300X-M,Module,C9300X-NM-BLANK,Access,,,,,0,,,,,Yes,,,,,,,,https://www.cisco.com/c/en/us/products/switches/catalyst-9300-series-switches/datasheet-listing.html
Catalyst,C1200,Desktop,C1200-8T-D,Access,Copper,8,1G,,0,,No,,,No,Fanless,No,Fixed,L2 Access,SMB,C1200: 8x 1G Copper downlinks,C1200 series don't support stacking!,https://www.cisco.com/c/en/us/products/switches/catalyst-1200-series-switches/datasheet-listing.html
Catalyst,C1200,Rack,C1200-8T-E-2G,Access,Copper,8,1G,"Copper, Fiber",2,1Gbps,No,,,No,Fanless,No,Fixed,L2 Access,SMB,C1200: 8x 1G Copper downlinks and 2x 1Gbps Copper + Fiber uplinks,C1200 series don't support stacking!,https://www.cisco.com/c/en/us/products/switches/catalyst-1200-series-switches/datasheet-listing.html
Catalyst,C1200,Rack,C1200-8P-E-2G,Access,Copper,8,1G,"Copper, Fiber",2,1Gbps,No,,PoE+,No,Fanless,No,Fixed,L2 Access,"PoE, SMB",C1200: 8x PoE+ 1G Copper downlinks and 2x 1Gbps Copper + Fiber uplinks,C1200 series don't support stacking!,https://www.cisco.com/c/en/us/products/switches/catalyst-1200-series-switches/datasheet-listing.html
Catalyst,C1200,Rack,C1200-8FP-2G,Access,Copper,8,1G,Fiber,2,1Gbps,No,,PoE+,No,Fanless,No,Fixed,L2 Access,"PoE, SMB",C1200: 8x PoE+ 1G Copper downlinks and 2x 1Gbps Fiber uplinks,C1200 series don't support stacking!,https://www.cisco.com/c/en/us/products/switches/catalyst-1200-series-switches/datasheet-listing.html
Catalyst,C1200,Rack,C1200-16T-2G,Access,Copper,16,1G,Fiber,2,1Gbps,No,,,No,Fanless,No,Fixed,L2 Access,SMB,C1200: 16x 1G Copper downlinks and 2x 1Gbps Fiber uplinks,C1200 series don't support stacking!,https://www.cisco.com/c/en/us/products/switches/catalyst-1200-series-switches/datasheet-listing.html
Catalyst,C1200,Rack,C1200-16P-2G,Access,Copper,16,1G,Fiber,2,1Gbps,No,,PoE+,No,Fanless,No,Fixed,L2 Access,"PoE, SMB",C1200: 16x PoE+ 1G Copper downlinks and 2x 1Gbps Fiber uplinks,C1200 series don't support stacking!,https://www.cisco.com/c/en/us/products/switches/catalyst-1200-series-switches/datasheet-listing.html
Catalyst,C1200,Rack,C1200-24T-4G,Access,Copper,24,1G,Fiber,4,1Gbps,No,,,No,Fanless,No,Fixed,L2 Access,SMB,C1200: 24x 1G Copper downlinks and 4x 1Gbps Fiber uplinks,C1200 series don't support stacking!,https://www.cisco.com/c/en/us/products/switches/catalyst-1200-series-switches/datasheet-listing.html
Catalyst,C1200,Rack,C1200-24P-4G,Access,Copper,24,1G,Fiber,4,1Gbps,No,,PoE+,No,Fanless,No,Fixed,L2 Access,"PoE, SMB",C1200: 24x PoE+ 1G Copper downlinks and 4x 1Gbps Fiber uplinks,C1200 series don't support stacking!,https://www.cisco.com/c/en/us/products/switches/catalyst-1200-series-switches/datasheet-listing.html
Catalyst,C1200,Rack,C1200-24FP-4G,Access,Copper,24,1G,Fiber,4,1Gbps,No,,PoE+,No,Fanless,No,Fixed,L2 Access,"PoE, SMB",C1200: 24x PoE+ 1G Copper downlinks and 4x 1Gbps Fiber uplinks,C1200 series don't support stacking!,https://www.cisco.com/c/en/us/products/switches/catalyst-1200-series-switches/datasheet-listing.html
Catalyst,C1200,Rack,C1200-48T-4G,Access,Copper,48,1G,Fiber,4,1Gbps,No,,,No,Fanless,No,Fixed,L2 Access,SMB,C1200: 48x 1G Copper downlinks and 4x 1Gbps Fiber uplinks,C1200 series don't support stacking!,https://www.cisco.com/c/en/us/products/switches/catalyst-1200-series-switches/datasheet-listing.html
Catalyst,C1200,Rack,C1200-48P-4G,Access,Copper,48,1G,Fiber,4,1Gbps,No,,PoE+,No,Fanless,No,Fixed,L2 Access,"PoE, SMB",C1200: 48x PoE+ 1G Copper downlinks and 4x 1Gbps Fiber uplinks,C1200 series don't support stacking!,https://www.cisco.com/c/en/us/products/switches/catalyst-1200-series-switches/datasheet-listing.html
Catalyst,C1200,Rack,C1200-24T-4X,Access,Copper,24,1G,Fiber,4,10Gbps,No,,,No,Fanless,No,Fixed,L2 Access,SMB,C1200: 24x 1G Copper downlinks and 4x 10Gbps Fiber uplinks,C1200 series don't support stacking!,https://www.cisco.com/c/en/us/products/switches/catalyst-1200-series-switches/datasheet-listing.html
Catalyst,C1200,Rack,C1200-24P-4X,Access,Copper,24,1G,Fiber,4,10Gbps,No,,PoE+,No,Fanless,No,Fixed,L2 Access,"PoE, SMB",C1200: 24x PoE+ 1G Copper downlinks and 4x 10Gbps Fiber uplinks,C1200 series don't support stacking!,https://www.cisco.com/c/en/us/products/switches/catalyst-1200-series-switches/datasheet-listing.html
Catalyst,C1200,Rack,C1200-24FP-4X,Access,Copper,24,1G,Fiber,4,10Gbps,No,,PoE+,No,Fanless,No,Fixed,L2 Access,"PoE, SMB",C1200: 24x PoE+ 1G Copper downlinks and 4x 10Gbps Fiber uplinks,C1200 series don't support stacking!,https://www.cisco.com/c/en/us/products/switches/catalyst-1200-series-switches/datasheet-listing.html
Catalyst,C1200,Rack,C1200-48T-4X,Access,Copper,48,1G,Fiber,4,10Gbps,No,,,No,Fanless,No,Fixed,L2 Access,SMB,C1200: 48x 1G Copper downlinks and 4x 10Gbps Fiber uplinks,C1200 series don't support stacking!,https://www.cisco.com/c/en/us/products/switches/catalyst-1200-series-switches/datasheet-listing.html
Catalyst,C1200,Rack,C1200-48P-4X,Access,Copper,48,1G,Fiber,4,10Gbps,No,,PoE+,No,Fanless,No,Fixed,L2 Access,"PoE, SMB",C1200: 48x PoE+ 1G Copper downlinks and 4x 10Gbps Fiber uplinks,C1200 series don't support stacking!,https://www.cisco.com/c/en/us/products/switches/catalyst-1200-series-switches/datasheet-listing.html
Catalyst,C1300,Rack,C1300-8T-E-2G,Access,Copper,8,1G,"Copper, Fiber",2,1Gbps,No,,,No,Fanless,Yes,Fixed,L2 Access,SMB,C1300: 8x 1G Copper downlinks and 2x 1Gbps Copper + Fiber uplinks,C1300 series with 1G uplinks can't stack,https://www.cisco.com/c/en/us/products/collateral/switches/catalyst-1200-series-switches/nb-06-cat1200-1300-ser-aag-cte-en.pdf
Catalyst,C1300,Rack,C1300-8P-E-2G,Access,Copper,8,1G,"Copper, Fiber",2,1Gbps,No,,PoE+,No,Fanless,Yes,Fixed,L2 Access,"PoE, SMB",C1300: 8x PoE+ 1G Copper downlinks and 2x 1Gbps Copper + Fiber uplinks,C1300 series with 1G uplinks can't stack,https://www.cisco.com/c/en/us/products/collateral/switches/catalyst-1200-series-switches/nb-06-cat1200-1300-ser-aag-cte-en.pdf
Catalyst,C1300,Rack,C1300-8FP-2G,Access,Copper,8,1G,Fiber,2,1Gbps,No,,PoE+,No,Fanless,Yes,Fixed,L2 Access,"PoE, SMB",C1300: 8x PoE+ 1G Copper downlinks and 2x 1Gbps Fiber uplinks,C1300 series with 1G uplinks can't stack,https://www.cisco.com/c/en/us/products/collateral/switches/catalyst-1200-series-switches/nb-06-cat1200-1300-ser-aag-cte-en.pdf
Catalyst,C1300,Rack,C1300-16T-2G,Access,Copper,16,1G,Fiber,2,1Gbps,No,,,No,Fanless,Yes,Fixed,L2 Access,SMB,C1300: 16x 1G Copper downlinks and 2x 1Gbps Fiber uplinks,C1300 series with 1G uplinks can't stack,https://www.cisco.com/c/en/us/products/collateral/switches/catalyst-1200-series-switches/nb-06-cat1200-1300-ser-aag-cte-en.pdf
Catalyst,C1300,Rack,C1300-16P-2G,Access,Copper,16,1G,Fiber,2,1Gbps,No,,PoE+,No,Fanless,Yes,Fixed,L2 Access,"PoE, SMB",C1300: 16x PoE+ 1G Copper downlinks and 2x 1Gbps Fiber uplinks,C1300 series with 1G uplinks can't stack,https://www.cisco.com/c/en/us/products/collateral/switches/catalyst-1200-series-switches/nb-06-cat1200-1300-ser-aag-cte-en.pdf
Catalyst,C1300,Rack,C1300-16FP-2G,Access,Copper,16,1G,Fiber,2,1Gbps,No,,PoE+,No,Fanless,Yes,Fixed,L2 Access,"PoE, SMB",C1300: 16x PoE+ 1G Copper downlinks and 2x 1Gbps Fiber uplinks,C1300 series with 1G uplinks can't stack,https://www.cisco.com/c/en/us/products/collateral/switches/catalyst-1200-series-switches/nb-06-cat1200-1300-ser-aag-cte-en.pdf
Catalyst,C1300,Rack,C1300-24T-4G,Access,Copper,24,1G,Fiber,4,1Gbps,No,,,No,Fanless,Yes,Fixed,L2 Access,SMB,C1300: 24x 1G Copper downlinks and 4x 1Gbps Fiber uplinks,C1300 series with 1G uplinks can't stack,https://www.cisco.com/c/en/us/products/collateral/switches/catalyst-1200-series-switches/nb-06-cat1200-1300-ser-aag-cte-en.pdf
Catalyst,C1300,Rack,C1300-24P-4G,Access,Copper,24,1G,Fiber,4,1Gbps,No,,PoE+,No,Fanless,Yes,Fixed,L2 Access,"PoE, SMB",C1300: 24x PoE+ 1G Copper downlinks and 4x 1Gbps Fiber uplinks,C1300 series with 1G uplinks can't stack,https://www.cisco.com/c/en/us/products/collateral/switches/catalyst-1200-series-switches/nb-06-cat1200-1300-ser-aag-cte-en.pdf
Catalyst,C1300,Rack,C1300-24FP-4G,Access,Copper,24,1G,Fiber,4,1Gbps,No,,PoE+,No,Fanless,Yes,Fixed,L2 Access,"PoE,SMB",C1300: 24x PoE+ 1G Copper downlinks and 4x 1Gbps Fiber uplinks,C1300 series with 1G uplinks can't stack,https://www.cisco.com/c/en/us/products/collateral/switches/catalyst-1200-series-switches/nb-06-cat1200-1300-ser-aag-cte-en.pdf
Catalyst,C1300,Rack,C1300-48T-4G,Access,Copper,48,1G,Fiber,4,1Gbps,No,,,No,Fanless,Yes,Fixed,L2 Access,SMB,C1300: 48x 1G Copper downlinks and 4x 1Gbps Fiber uplinks,C1300 series with 1G uplinks can't stack,https://www.cisco.com/c/en/us/products/collateral/switches/catalyst-1200-series-switches/nb-06-cat1200-1300-ser-aag-cte-en.pdf
Catalyst,C1300,Rack,C1300-48P-4G,Access,Copper,48,1G,Fiber,4,1Gbps,No,,PoE+,No,Fanless,Yes,Fixed,L2 Access,"PoE, SMB",C1300: 48x PoE+ 1G Copper downlinks and 4x 1Gbps Fiber uplinks,C1300 series with 1G uplinks can't stack,https://www.cisco.com/c/en/us/products/collateral/switches/catalyst-1200-series-switches/nb-06-cat1200-1300-ser-aag-cte-en.pdf
Catalyst,C1300,Rack,C1300-48FP-4G,Access,Copper,48,1G,Fiber,4,1Gbps,No,,PoE+,No,Fanless,Yes,Fixed,L2 Access,"PoE, SMB",C1300: 48x PoE+ 1G Copper downlinks and 4x 1Gbps Fiber uplinks,C1300 series with 1G uplinks can't stack,https://www.cisco.com/c/en/us/products/collateral/switches/catalyst-1200-series-switches/nb-06-cat1200-1300-ser-aag-cte-en.pdf
Catalyst,C1300,Rack,C1300-16P-4X,Access,Copper,16,1G,Fiber,4,10Gbps,No,,PoE+,No,Fixed,Yes,Fixed,L2 Access,"PoE, Stacking, Fan, SMB",C1300: 16x PoE+ 1G Copper downlinks and 4x 10Gbps Fiber uplinks,,https://www.cisco.com/c/en/us/products/collateral/switches/catalyst-1200-series-switches/nb-06-cat1200-1300-ser-aag-cte-en.pdf
Catalyst,C1300,Rack,C1300-24T-4X,Access,Copper,24,1G,Fiber,4,10Gbps,No,,,No,Fixed,Yes,Fixed,L2 Access,"Stacking, Fan, SMB",C1300: 24x 1G Copper downlinks and 4x 10Gbps Fiber uplinks,,https://www.cisco.com/c/en/us/products/collateral/switches/catalyst-1200-series-switches/nb-06-cat1200-1300-ser-aag-cte-en.pdf
Catalyst,C1300,Rack,C1300-24P-4X,Access,Copper,24,1G,Fiber,4,10Gbps,No,,PoE+,No,Fixed,Yes,Fixed,L2 Access,"PoE, Stacking, Fan, SMB",C1300: 24x PoE+ 1G Copper downlinks and 4x 10Gbps Fiber uplinks,,https://www.cisco.com/c/en/us/products/collateral/switches/catalyst-1200-series-switches/nb-06-cat1200-1300-ser-aag-cte-en.pdf
Catalyst,C1300,Rack,C1300-24FP-4X,Access,Copper,24,1G,Fiber,4,10Gbps,No,,PoE+,No,Fixed,Yes,Fixed,L2 Access,"PoE, Stacking, Fan, SMB",C1300: 24x PoE+ 1G Copper downlinks and 4x 10Gbps Fiber uplinks,,https://www.cisco.com/c/en/us/products/collateral/switches/catalyst-1200-series-switches/nb-06-cat1200-1300-ser-aag-cte-en.pdf
Catalyst,C1300,Rack,C1300-48T-4X,Access,Copper,48,1G,Fiber,4,10Gbps,No,,,No,Fixed,Yes,Fixed,L2 Access,"Stacking, Fan, SMB",C1300: 48x 1G Copper downlinks and 4x 10Gbps Fiber uplinks,,https://www.cisco.com/c/en/us/products/collateral/switches/catalyst-1200-series-switches/nb-06-cat1200-1300-ser-aag-cte-en.pdf
Catalyst,C1300,Rack,C1300-48P-4X,Access,Copper,48,1G,Fiber,4,10Gbps,No,,PoE+,No,Fixed,Yes,Fixed,L2 Access,"PoE, Stacking, Fan, SMB",C1300: 48x PoE+ 1G Copper downlinks and 4x 10Gbps Fiber uplinks,,https://www.cisco.com/c/en/us/products/collateral/switches/catalyst-1200-series-switches/nb-06-cat1200-1300-ser-aag-cte-en.pdf
Catalyst,C1300,Rack,C1300-48FP-4X,Access,Copper,48,1G,Fiber,4,10Gbps,No,,PoE+,No,Fixed,Yes,Fixed,L2 Access,"PoE, Stacking, Fan, SMB",C1300: 48x PoE+ 1G Copper downlinks and 4x 10Gbps Fiber uplinks,,https://www.cisco.com/c/en/us/products/collateral/switches/catalyst-1200-series-switches/nb-06-cat1200-1300-ser-aag-cte-en.pdf
Catalyst,C1300,Rack,C1300-8MGP-2X,Access,Copper,8,2.5G,Fiber,2,10Gbps,No,,PoE+,No,Fixed,Yes,Fixed,L2 Access,"PoE, Stacking, Multigigabit, Fan, SMB",C1300: 8x PoE+ 2.5G Copper downlinks and 2x 10Gbps Fiber uplinks,,https://www.cisco.com/c/en/us/products/collateral/switches/catalyst-1200-series-switches/nb-06-cat1200-1300-ser-aag-cte-en.pdf
Catalyst,C1300,Rack,C1300-24MGP-4X,Access,Copper,24,2.5G,Fiber,4,10Gbps,No,,PoE+,No,Fixed,Yes,Fixed,L2 Access,"PoE, Stacking, Multigigabit, Fan, SMB",C1300: 24x PoE+ 2.5G Copper downlinks and 4x 10Gbps Fiber uplinks,,https://www.cisco.com/c/en/us/products/collateral/switches/catalyst-1200-series-switches/nb-06-cat1200-1300-ser-aag-cte-en.pdf
Catalyst,C1300,Rack,C1300-48MGP-4X,Access,Copper,48,2.5G,Fiber,4,10Gbps,No,,PoE+,No,Fixed,Yes,Fixed,L2 Access,"PoE, Stacking, Multigigabit, Fan, SMB",C1300: 48x PoE+ 2.5G Copper downlinks and 4x 10Gbps Fiber uplinks,,https://www.cisco.com/c/en/us/products/collateral/switches/catalyst-1200-series-switches/nb-06-cat1200-1300-ser-aag-cte-en.pdf
Catalyst,C1300,Rack,C1300-12XT-2X,Access,Copper,12,10G,Fiber,2,10Gbps,No,,,No,Fixed,Yes,Fixed,L2 Access,"Stacking, Fan, SMB",C1300: 12x 10G Copper downlinks and 2x 10Gbps Fiber uplinks,,https://www.cisco.com/c/en/us/products/collateral/switches/catalyst-1200-series-switches/nb-06-cat1200-1300-ser-aag-cte-en.pdf
Catalyst,C1300,Rack,C1300-12XS,Access,"Copper, Fiber",12,10G,,0,,No,,,No,Fixed,Yes,Fixed,L2 Access,"Stacking, Fan, SMB",C1300: 12x 10G Copper/ Fiber downlinks,,https://www.cisco.com/c/en/us/products/collateral/switches/catalyst-1200-series-switches/nb-06-cat1200-1300-ser-aag-cte-en.pdf
Catalyst,C1300,Rack,C1300-16XTS,Access,"Copper, Fiber",16,10G,,0,,No,,,No,Fixed,Yes,Fixed,L2 Access,"Stacking, Fan, SMB",C1300: 16x 10G Copper/ Fiber downlinks,,https://www.cisco.com/c/en/us/products/collateral/switches/catalyst-1200-series-switches/nb-06-cat1200-1300-ser-aag-cte-en.pdf
Catalyst,C1300,Rack,C1300-24XS,Access,"Copper, Fiber",24,10G,,0,,No,,,No,Fixed,Yes,Fixed,L2 Access,"Stacking, Fan, SMB",C1300: 24x 10G Copper/ Fiber downlinks,,https://www.cisco.com/c/en/us/products/collateral/switches/catalyst-1200-series-switches/nb-06-cat1200-1300-ser-aag-cte-en.pdf
Catalyst,C1300,Rack,C1300-24XT,Access,Copper,24,10G,,0,,No,,,No,Fixed,Yes,Fixed,L2 Access,"Stacking, Fan, SMB",C1300: 24x 10G Copper downlinks,,https://www.cisco.com/c/en/us/products/collateral/switches/catalyst-1200-series-switches/nb-06-cat1200-1300-ser-aag-cte-en.pdf
Catalyst,C1300,Rack,C1300-24XTS,Access,Hybrid,24,10G,,0,,No,,,No,Fixed,Yes,Fixed,L2 Access,"Stacking, Fan, SMB",C1300: 24x 10G Hybrid downlinks,,https://www.cisco.com/c/en/us/products/collateral/switches/catalyst-1200-series-switches/nb-06-cat1200-1300-ser-aag-cte-en.pdf
Catalyst,C1300X,Rack,C1300X-24T-4X,Access,Copper,24,1G,Fiber,4,10Gbps,No,,,No,Fixed,Yes,Fixed,L2 Access,"Stacking, Fan, SMB",C1300X: 24x 1G Copper downlinks and 4x 10Gbps Fiber uplinks,,https://www.cisco.com/c/en/us/products/collateral/switches/catalyst-1200-series-switches/nb-06-cat1200-1300-ser-aag-cte-en.pdf
Catalyst,C1300X,Rack,C1300X-48T-4X,Access,Copper,48,1G,Fiber,4,10Gbps,No,,,No,Fixed,Yes,Fixed,L2 Access,"Stacking, Fan, SMB",C1300X: 48x 1G Copper downlinks and 4x 10Gbps Fiber uplinks,,https://www.cisco.com/c/en/us/products/collateral/switches/catalyst-1200-series-switches/nb-06-cat1200-1300-ser-aag-cte-en.pdf
Catalyst,C1300X,Rack,C1300X-24P-4X,Access,Copper,24,1G,Fiber,4,10Gbps,No,,PoE+,No,Fixed,Yes,Fixed,L2 Access,"PoE, Stacking, Fan, SMB",C1300X: 24x PoE+ 1G Copper downlinks and 4x 10Gbps Fiber uplinks,,https://www.cisco.com/c/en/us/products/collateral/switches/catalyst-1200-series-switches/nb-06-cat1200-1300-ser-aag-cte-en.pdf
Catalyst,C1300X,Rack,C1300X-48P-4X,Access,Copper,48,1G,Fiber,4,10Gbps,No,,PoE+,No,Fixed,Yes,Fixed,L2 Access,"PoE, Stacking, Fan, SMB",C1300X: 48x PoE+ 1G Copper downlinks and 4x 10Gbps Fiber uplinks,,https://www.cisco.com/c/en/us/products/collateral/switches/catalyst-1200-series-switches/nb-06-cat1200-1300-ser-aag-cte-en.pdf
Catalyst,C1300X,Rack,C1300X-24MU-4X,Access,Copper,24,2.5G,Fiber,4,10Gbps,No,,UPOE,No,Fixed,Yes,Fixed,L2 Access,"PoE, Stacking, Multigigabit, Fan, SMB",C1300X: 24x UPOE 2.5G Copper downlinks and 4x 10Gbps Fiber uplinks,,https://www.cisco.com/c/en/us/products/collateral/switches/catalyst-1200-series-switches/nb-06-cat1200-1300-ser-aag-cte-en.pdf
Catalyst,C1300X,Rack,C1300X-10NU-2X,Access,Copper,10,5G,Fiber,2,10Gbps,No,,UPOE,No,Fixed,Yes,Fixed,L2 Access,"PoE, Stacking, Multigigabit, Fan, SMB",C1300X: 10x UPOE 5G Copper downlinks and 2x 10Gbps Fiber uplinks,,https://www.cisco.com/c/en/us/products/collateral/switches/catalyst-1200-series-switches/nb-06-cat1200-1300-ser-aag-cte-en.pdf
Catalyst,C1300X,Rack,C1300X-24NGU-4X,Access,Copper,24,5G,Fiber,4,10Gbps,No,,UPOE,No,Fixed,Yes,Fixed,L2 Access,"PoE, Stacking, Multigigabit, Fan, SMB",C1300X: 24x UPOE 5G Copper downlinks and 4x 10Gbps Fiber uplinks,,https://www.cisco.com/c/en/us/products/collateral/switches/catalyst-1200-series-switches/nb-06-cat1200-1300-ser-aag-cte-en.pdf
Catalyst,C1300X,Rack,C1300X-48NGU-4X,Access,Copper,48,5G,Fiber,4,10Gbps,No,,UPOE,No,Fixed,Yes,Fixed,L2 Access,"PoE, Stacking, Multigigabit, Fan, SMB",C1300X: 48x UPOE 5G Copper downlinks and 4x 10Gbps Fiber uplinks,,https://www.cisco.com/c/en/us/products/collateral/switches/catalyst-1200-series-switches/nb-06-cat1200-1300-ser-aag-cte-en.pdf
Catalyst,C9200,Rack,C9200-24T,Access,Copper,24,1G,Modular,Modular,Modular,Yes,,,No,Redundant,Yes,Modular Redundant,Full L3,"Stacking,  Redundant PSU, Fan",C9200: 24x 1G Copper downlinks and Modular uplinks,"No support for BGP, PTP, MACSEC-256 on 9200/9200L series",https://www.cisco.com/c/en/us/products/switches/catalyst-9200-series-switches/datasheet-listing.html
Catalyst,C9200,Rack,C9200-24P,Access,Copper,24,1G,Modular,Modular,Modular,Yes,,PoE+,No,Redundant,Yes,Modular Redundant,Full L3,"PoE, Stacking,  Redundant PSU, Fan",C9200: 24x PoE+ 1G Copper downlinks and Modular uplinks,"No support for BGP, PTP, MACSEC-256 on 9200/9200L series",https://www.cisco.com/c/en/us/products/switches/catalyst-9200-series-switches/datasheet-listing.html
Catalyst,C9200,Rack,C9200-24PB,Access,Copper,24,1G,Modular,Modular,Modular,Yes,,PoE+,No,Redundant,Yes,Modular Redundant,Full L3,"PoE, Stacking,  Redundant PSU, Fan",C9200: 24x PoE+ 1G Copper downlinks and Modular uplinks,"No support for BGP, PTP, MACSEC-256 on 9200/9200L series",https://www.cisco.com/c/en/us/products/switches/catalyst-9200-series-switches/datasheet-listing.html
Catalyst,C9200,Rack,C9200-24PXG,Access,Copper,24,10G,Modular,Modular,Modular,Yes,,PoE+,No,Redundant,Yes,Modular Redundant,Full L3,"PoE, Stacking, Multigigabit,  Redundant PSU, Fan","C9200: 24 ports full PoE+ (8 mGig ports up to 10G, 16 ports up to 1G) and Modular uplinks","No support for BGP, PTP, MACSEC-256 on 9200/9200L series",https://www.cisco.com/c/en/us/products/switches/catalyst-9200-series-switches/datasheet-listing.html
Catalyst,C9200,Rack,C9200-48T,Access,Copper,48,1G,Modular,Modular,Modular,Yes,,,No,Redundant,Yes,Modular Redundant,Full L3,"Stacking,  Redundant PSU, Fan",C9200: 48x 1G Copper downlinks and Modular uplinks,"No support for BGP, PTP, MACSEC-256 on 9200/9200L series",https://www.cisco.com/c/en/us/products/switches/catalyst-9200-series-switches/datasheet-listing.html
Catalyst,C9200,Rack,C9200-48P,Access,Copper,48,1G,Modular,Modular,Modular,Yes,,PoE+,No,Redundant,Yes,Modular Redundant,Full L3,"PoE, Stacking,  Redundant PSU, Fan",C9200: 48x PoE+ 1G Copper downlinks and Modular uplinks,"No support for BGP, PTP, MACSEC-256 on 9200/9200L series",https://www.cisco.com/c/en/us/products/switches/catalyst-9200-series-switches/datasheet-listing.html
Catalyst,C9200,Rack,C9200-48PL,Access,Copper,48,1G,Modular,Modular,Modular,Yes,,PoE+,No,Redundant,Yes,Modular Redundant,Full L3,"PoE, Stacking,  Redundant PSU, Fan",C9200: 48x PoE+ 1G Copper downlinks and Modular uplinks,"No support for BGP, PTP, MACSEC-256 on 9200/9200L series",https://www.cisco.com/c/en/us/products/switches/catalyst-9200-series-switches/datasheet-listing.html
Catalyst,C9200,Rack,C9200-48PB,Access,Copper,48,1G,Modular,Modular,Modular,Yes,,PoE+,No,Redundant,Yes,Modular Redundant,Full L3,"PoE, Stacking,  Redundant PSU, Fan",C9200: 48x PoE+ 1G Copper downlinks and Modular uplinks,"No support for BGP, PTP, MACSEC-256 on 9200/9200L series",https://www.cisco.com/c/en/us/products/switches/catalyst-9200-series-switches/datasheet-listing.html
Catalyst,C9200,Rack,C9200-48PXG,Access,Copper,48,10G,Modular,Modular,Modular,Yes,,PoE+,No,Redundant,Yes,Modular Redundant,Full L3,"PoE, Stacking, Multigigabit,  Redundant PSU, Fan","C9200: 48 ports full PoE+ (8 mGig ports up to 10G, 40 ports up to 1G) and Modular uplinks","No support for BGP, PTP, MACSEC-256 on 9200/9200L series",https://www.cisco.com/c/en/us/products/switches/catalyst-9200-series-switches/datasheet-listing.html
Catalyst,C9200,Module,C9200-NM-2Y,Access,,,,Fiber,2,25Gbps,,,,No,,,,,,C9200: 2x 25Gbps Fiber uplinks,,https://www.cisco.com/c/en/us/products/switches/catalyst-9200-series-switches/datasheet-listing.html
Catalyst,C9200,Module,C9200-NM-2Q,Access,,,,Fiber,2,40Gbps,,,,No,,,,,,C9200: 2x 40Gbps Fiber uplinks,,https://www.cisco.com/c/en/us/products/switches/catalyst-9200-series-switches/datasheet-listing.html
Catalyst,C9200,Module,C9200-NM-4G,Access,,,,Fiber,4,1Gbps,,,,No,,,,,,C9200: 4x 1Gbps Fiber uplinks,,https://www.cisco.com/c/en/us/products/switches/catalyst-9200-series-switches/datasheet-listing.html
Catalyst,C9200,Module,C9200-NM-4X,Access,,,,Fiber,4,10Gbps,,,,No,,,,,,C9200: 4x 10Gbps Fiber uplinks,,https://www.cisco.com/c/en/us/products/switches/catalyst-9200-series-switches/datasheet-listing.html
Catalyst,C9200,Module,C9200-NM-BLANK,Access,,,,,0,,,,,No,,,,,,,,https://www.cisco.com/c/en/us/products/switches/catalyst-9200-series-switches/datasheet-listing.html
Catalyst,C9200L,Rack,C9200L-24T-4G,Access,Copper,24,1G,Fiber,4,1Gbps,No,,,Yes,Redundant,Yes,Modular Redundant,Full L3,"Stacking, Redundant PSU, Fan",C9200L: 24x 1G Copper downlinks and 4x 1Gbps Fiber uplinks,"No support for BGP, PTP, MACSEC-256 on 9200/9200L series",https://www.cisco.com/c/en/us/products/switches/catalyst-9200-series-switches/datasheet-listing.html
Catalyst,C9200L,Rack,C9200L-24P-4G,Access,Copper,24,1G,Fiber,4,1Gbps,No,,PoE+,Yes,Redundant,Yes,Modular Redundant,Full L3,"PoE, Stacking, Redundant PSU, Fan",C9200L: 24x PoE+ 1G Copper downlinks and 4x 1Gbps Fiber uplinks,"No support for BGP, PTP, MACSEC-256 on 9200/9200L series",https://www.cisco.com/c/en/us/products/switches/catalyst-9200-series-switches/datasheet-listing.html
Catalyst,C9200L,Rack,C9200L-48T-4G,Access,Copper,48,1G,Fiber,4,1Gbps,No,,,Yes,Redundant,Yes,Modular Redundant,Full L3,"Stacking, Redundant PSU, Fan",C9200L: 48x 1G Copper downlinks and 4x 1Gbps Fiber uplinks,"No support for BGP, PTP, MACSEC-256 on 9200/9200L series",https://www.cisco.com/c/en/us/products/switches/catalyst-9200-series-switches/datasheet-listing.html
Catalyst,C9200L,Rack,C9200L-48P-4G,Access,Copper,48,1G,Fiber,4,1Gbps,No,,PoE+,Yes,Redundant,Yes,Modular Redundant,Full L3,"PoE, Stacking, Redundant PSU, Fan",C9200L: 48x PoE+ 1G Copper downlinks and 4x 1Gbps Fiber uplinks,"No support for BGP, PTP, MACSEC-256 on 9200/9200L series",https://www.cisco.com/c/en/us/products/switches/catalyst-9200-series-switches/datasheet-listing.html
Catalyst,C9200L,Rack,C9200L-48PL-4G,Access,Copper,48,1G,Fiber,4,1Gbps,No,,PoE+,Yes,Redundant,Yes,Modular Redundant,Full L3,"PoE, Stacking, Redundant PSU, Fan",C9200L: 48x PoE+ 1G Copper downlinks and 4x 1Gbps Fiber uplinks,"No support for BGP, PTP, MACSEC-256 on 9200/9200L series",https://www.cisco.com/c/en/us/products/switches/catalyst-9200-series-switches/datasheet-listing.html
Catalyst,C9200L,Rack,C9200L-24T-4X,Access,Copper,24,1G,Fiber,4,10Gbps,No,,,Yes,Redundant,Yes,Modular Redundant,Full L3,"Stacking, Redundant PSU, Fan",C9200L: 24x 1G Copper downlinks and 4x 10Gbps Fiber uplinks,"No support for BGP, PTP, MACSEC-256 on 9200/9200L series",https://www.cisco.com/c/en/us/products/switches/catalyst-9200-series-switches/datasheet-listing.html
Catalyst,C9200L,Rack,C9200L-24P-4X,Access,Copper,24,1G,Fiber,4,10Gbps,No,,PoE+,Yes,Redundant,Yes,Modular Redundant,Full L3,"PoE, Stacking, Redundant PSU, Fan",C9200L: 24x PoE+ 1G Copper downlinks and 4x 10Gbps Fiber uplinks,"No support for BGP, PTP, MACSEC-256 on 9200/9200L series",https://www.cisco.com/c/en/us/products/switches/catalyst-9200-series-switches/datasheet-listing.html
Catalyst,C9200L,Rack,C9200L-48T-4X,Access,Copper,48,1G,Fiber,4,10Gbps,No,,,Yes,Redundant,Yes,Modular Redundant,Full L3,"Stacking, Redundant PSU, Fan",C9200L: 48x 1G Copper downlinks and 4x 10Gbps Fiber uplinks,"No support for BGP, PTP, MACSEC-256 on 9200/9200L series",https://www.cisco.com/c/en/us/products/switches/catalyst-9200-series-switches/datasheet-listing.html
Catalyst,C9200L,Rack,C9200L-48P-4X,Access,Copper,48,1G,Fiber,4,10Gbps,No,,PoE+,Yes,Redundant,Yes,Modular Redundant,Full L3,"PoE, Stacking, Redundant PSU, Fan",C9200L: 48x PoE+ 1G Copper downlinks and 4x 10Gbps Fiber uplinks,"No support for BGP, PTP, MACSEC-256 on 9200/9200L series",https://www.cisco.com/c/en/us/products/switches/catalyst-9200-series-switches/datasheet-listing.html
Catalyst,C9200L,Rack,C9200L-48PL-4X,Access,Copper,48,1G,Fiber,4,10Gbps,No,,PoE+,Yes,Redundant,Yes,Modular Redundant,Full L3,"PoE, Stacking, Redundant PSU, Fan",C9200L: 48x PoE+ 1G Copper downlinks and 4x 10Gbps Fiber uplinks,"No support for BGP, PTP, MACSEC-256 on 9200/9200L series",https://www.cisco.com/c/en/us/products/switches/catalyst-9200-series-switches/datasheet-listing.html
Catalyst,C9200L,Rack,C9200L-24PXG-4X,Access,Copper,24,10G,Fiber,4,10Gbps,No,,PoE+,Yes,Redundant,Yes,Modular Redundant,Full L3,"PoE, Stacking, Multigigabit, Redundant PSU, Fan","C9200L: 24 ports full PoE+ (8 mGig ports up to 10G, 16 ports up to 1G) and 4x 10Gbps Fiber uplinks","No support for BGP, PTP, MACSEC-256 on 9200/9200L series",https://www.cisco.com/c/en/us/products/switches/catalyst-9200-series-switches/datasheet-listing.html
Catalyst,C9200L,Rack,C9200L-48PXG-4X,Access,Copper,48,10G,Fiber,4,10Gbps,No,,PoE+,Yes,Redundant,Yes,Modular Redundant,Full L3,"PoE, Stacking, Multigigabit, Redundant PSU, Fan","C9200L: 48 ports full POE+ (12 mGig ports up to 10G, 36 ports up to 1G) and 4x 10Gbps Fiber uplinks","No support for BGP, PTP, MACSEC-256 on 9200/9200L series",https://www.cisco.com/c/en/us/products/switches/catalyst-9200-series-switches/datasheet-listing.html
Catalyst,C9200L,Rack,C9200L-24PXG-2Y,Access,Copper,24,10G,Fiber,2,25Gbps,No,,PoE+,Yes,Redundant,Yes,Modular Redundant,Full L3,"PoE, Stacking, Multigigabit, Redundant PSU, Fan","C9200L: 24 ports full PoE+ (8 mGig ports up to 10G, 16 ports up to 1G) and 2x 25Gbps Fiber uplinks","No support for BGP, PTP, MACSEC-256 on 9200/9200L series",https://www.cisco.com/c/en/us/products/switches/catalyst-9200-series-switches/datasheet-listing.html
Catalyst,C9200L,Rack,C9200L-48PXG-2Y,Access,Copper,48,10G,Fiber,2,25Gbps,No,,PoE+,Yes,Redundant,Yes,Modular Redundant,Full L3,"PoE, Stacking, Multigigabit, Redundant PSU, Fan","C9200L: 48 ports full POE+ (12 mGig ports up to 10G, 36 ports up to 1G) and 2x 25Gbps Fiber uplinks","No support for BGP, PTP, MACSEC-256 on 9200/9200L series",https://www.cisco.com/c/en/us/products/switches/catalyst-9200-series-switches/datasheet-listing.html
Catalyst,C9200CX,Rack,C9200CX-12T-2X2G,Access,Copper,12,1G,"Copper, Fiber",4,"1Gbps, 10Gbps",No,,,No,Fanless,No,Fixed,Full L3,,C9200CX: 12x 1G Copper downlinks and 4x 1Gbps / 10Gbps Copper + Fiber uplinks,No support for stacking!,https://www.cisco.com/c/en/us/products/switches/catalyst-9200-series-switches/datasheet-listing.html
Catalyst,C9200CX,Rack,C9200CX-12P-2X2G,Access,Copper,12,1G,"Copper, Fiber",4,"1Gbps, 10Gbps",No,,PoE+,No,Fanless,No,Fixed,Full L3,PoE,C9200CX: 12x PoE+ 1G Copper downlinks and 4x 1Gbps / 10Gbps Copper + Fiber uplinks,No support for stacking!,https://www.cisco.com/c/en/us/products/switches/catalyst-9200-series-switches/datasheet-listing.html
Catalyst,C9200CX,Rack,C9200CX-8P-2X2G,Access,Copper,8,1G,"Copper, Fiber",4,"1Gbps, 10Gbps",No,,PoE+,No,Fanless,No,Fixed,Full L3,PoE,C9200CX: 8x PoE+ 1G Copper downlinks and 4x 1Gbps / 10Gbps Copper + Fiber uplinks,No support for stacking!,https://www.cisco.com/c/en/us/products/switches/catalyst-9200-series-switches/datasheet-listing.html
Catalyst,C9200CX,Rack,C9200CX-8UXG-2X,Access,Copper,8,10G,Fiber,2,10Gbps,No,,UPOE,No,Fanless,No,Fixed,Full L3,"PoE, Multigigabit","C9200CX: 8 ports UPOE (4 mGig ports up to 10G, 4 ports up to 1G) and 2x 10Gbps Fiber uplinks",No support for stacking!,https://www.cisco.com/c/en/us/products/switches/catalyst-9200-series-switches/datasheet-listing.html
Catalyst,C9200CX,Rack,C9200CX-12P-2XGH,Access,Copper,12,1G,"Copper, Fiber",4,"1Gbps, 10Gbps",No,,PoE+,No,Fanless,No,Fixed,Full L3,PoE,C9200CX: 12x PoE+ 1G Copper downlinks and 4x 1Gbps / 10Gbps Copper + Fiber uplinks,No support for stacking!,https://www.cisco.com/c/en/us/products/switches/catalyst-9200-series-switches/datasheet-listing.html
Catalyst,C9200CX,Rack,C9200CX-8P-2XGH,Access,Copper,8,1G,"Copper, Fiber",4,"1Gbps, 10Gbps",No,,PoE+,No,Fanless,No,Fixed,Full L3,PoE,C9200CX: 8x PoE+ 1G Copper downlinks and 4x 1Gbps / 10Gbps Copper + Fiber uplinks,No support for stacking!,https://www.cisco.com/c/en/us/products/switches/catalyst-9200-series-switches/datasheet-listing.html
Catalyst,C9200CX,Rack,C9200CX-8UXG-2XH,Access,Copper,8,10G,Fiber,2,10Gbps,No,,UPOE,No,Fanless,No,Fixed,Full L3,"PoE, Multigigabit","C9200CX:8 ports UPOE (4 mGig ports up to 10G, 4 ports up to 1G) and 2x 10Gbps Fiber uplinks",No support for stacking!,https://www.cisco.com/c/en/us/products/switches/catalyst-9200-series-switches/datasheet-listing.html
Catalyst,C9200CX,Rack,C9200CX-8PT-2G,Access,Copper,8,1G,Copper,2,1Gbps,No,,PoE+,No,Fanless,No,Fixed,Full L3,PoE,C9200CX: 8x PoE+ 1G Copper downlinks and 2x 1Gbps Copper uplinks,No support for stacking!,https://www.cisco.com/c/en/us/products/switches/catalyst-9200-series-switches/datasheet-listing.html
Catalyst,C9300,Rack,C9300-24T,Access,Copper,24,1G,Modular,Modular,Modular,Yes,,,Yes,Redundant,Yes,Modular Redundant,Full L3,"Stacking,  StackPower, Redundant PSU, Fan",C9300: 24x 1G Copper downlinks and Modular uplinks,,https://www.cisco.com/c/en/us/products/switches/catalyst-9300-series-switches/datasheet-listing.html
Catalyst,C9300,Rack,C9300-24P,Access,Copper,24,1G,Modular,Modular,Modular,Yes,,PoE+,Yes,Redundant,Yes,Modular Redundant,Full L3,"PoE, Stacking,  StackPower, Redundant PSU, Fan",C9300: 24x PoE+ 1G Copper downlinks and Modular uplinks,,https://www.cisco.com/c/en/us/products/switches/catalyst-9300-series-switches/datasheet-listing.html
Catalyst,C9300,Rack,C9300-24U,Access,Copper,24,1G,Modular,Modular,Modular,Yes,,UPOE,Yes,Redundant,Yes,Modular Redundant,Full L3,"PoE, Stacking,  StackPower, Redundant PSU, Fan",C9300: 24x UPOE 1G Copper downlinks and Modular uplinks,,https://www.cisco.com/c/en/us/products/switches/catalyst-9300-series-switches/datasheet-listing.html
Catalyst,C9300,Rack,C9300-24UB,Access,Copper,24,1G,Modular,Modular,Modular,Yes,,UPOE,Yes,Redundant,Yes,Modular Redundant,Full L3,"PoE, Stacking,  StackPower, Redundant PSU, Fan",C9300: 24x UPOE 1G Copper downlinks and Modular uplinks,,https://www.cisco.com/c/en/us/products/switches/catalyst-9300-series-switches/datasheet-listing.html
Catalyst,C9300,Rack,C9300-24H,Access,Copper,24,1G,Modular,Modular,Modular,Yes,,UPOE+,Yes,Redundant,Yes,Modular Redundant,Full L3,"PoE, Stacking,  StackPower, Redundant PSU, Fan",C9300: 24x UPOE+ 1G Copper downlinks and Modular uplinks,,https://www.cisco.com/c/en/us/products/switches/catalyst-9300-series-switches/datasheet-listing.html
Catalyst,C9300,Rack,C9300-24UX,Access,Copper,24,10G,Modular,Modular,Modular,Yes,,UPOE,Yes,Redundant,Yes,Modular Redundant,Full L3,"PoE, Stacking, Multigigabit,  StackPower, Redundant PSU, Fan",C9300: 24x UPOE 10G Copper downlinks and Modular uplinks,,https://www.cisco.com/c/en/us/products/switches/catalyst-9300-series-switches/datasheet-listing.html
Catalyst,C9300,Rack,C9300-24UXB,Access,Copper,24,10G,Modular,Modular,Modular,Yes,,UPOE,Yes,Redundant,Yes,Modular Redundant,Full L3,"PoE, Stacking, Multigigabit,  StackPower, Redundant PSU, Fan",C9300: 24x UPOE 10G Copper downlinks and Modular uplinks,,https://www.cisco.com/c/en/us/products/switches/catalyst-9300-series-switches/datasheet-listing.html
Catalyst,C9300,Rack,C9300-48T,Access,Copper,48,1G,Modular,Modular,Modular,Yes,,,Yes,Redundant,Yes,Modular Redundant,Full L3,"Stacking,  StackPower, Redundant PSU, Fan",C9300: 48x 1G Copper downlinks and Modular uplinks,,https://www.cisco.com/c/en/us/products/switches/catalyst-9300-series-switches/datasheet-listing.html
Catalyst,C9300,Rack,C9300-48P,Access,Copper,48,1G,Modular,Modular,Modular,Yes,,PoE+,Yes,Redundant,Yes,Modular Redundant,Full L3,"PoE, Stacking,  StackPower, Redundant PSU, Fan",C9300: 48x PoE+ 1G Copper downlinks and Modular uplinks,,https://www.cisco.com/c/en/us/products/switches/catalyst-9300-series-switches/datasheet-listing.html
Catalyst,C9300,Rack,C9300-48U,Access,Copper,48,1G,Modular,Modular,Modular,Yes,,UPOE,Yes,Redundant,Yes,Modular Redundant,Full L3,"PoE, Stacking,  StackPower, Redundant PSU, Fan",C9300: 48x UPOE 1G Copper downlinks and Modular uplinks,,https://www.cisco.com/c/en/us/products/switches/catalyst-9300-series-switches/datasheet-listing.html
Catalyst,C9300,Rack,C9300-48UB,Access,Copper,48,1G,Modular,Modular,Modular,Yes,,UPOE,Yes,Redundant,Yes,Modular Redundant,Full L3,"PoE, Stacking,  StackPower, Redundant PSU, Fan",C9300: 48x UPOE 1G Copper downlinks and Modular uplinks,,https://www.cisco.com/c/en/us/products/switches/catalyst-9300-series-switches/datasheet-listing.html
Catalyst,C9300,Rack,C9300-48H,Access,Copper,48,1G,Modular,Modular,Modular,Yes,,UPOE+,Yes,Redundant,Yes,Modular Redundant,Full L3,"PoE, Stacking,  StackPower, Redundant PSU, Fan",C9300: 48x UPOE+ 1G Copper downlinks and Modular uplinks,,https://www.cisco.com/c/en/us/products/switches/catalyst-9300-series-switches/datasheet-listing.html
Catalyst,C9300,Rack,C9300-48UXM,Access,Copper,48,10G,Modular,Modular,Modular,Yes,,UPOE,Yes,Redundant,Yes,Modular Redundant,Full L3,"PoE, Stacking, Multigigabit,  StackPower, Redundant PSU, Fan",C9300: 48x UPOE 10G Copper downlinks and Modular uplinks,,https://www.cisco.com/c/en/us/products/switches/catalyst-9300-series-switches/datasheet-listing.html
Catalyst,C9300,Rack,C9300-48UN,Access,Copper,48,5G,Modular,Modular,Modular,Yes,,UPOE,Yes,Redundant,Yes,Modular Redundant,Full L3,"PoE, Stacking, Multigigabit,  StackPower, Redundant PSU, Fan",C9300: 48x UPOE 5G Copper downlinks and Modular uplinks,,https://www.cisco.com/c/en/us/products/switches/catalyst-9300-series-switches/datasheet-listing.html
Catalyst,C9300,Rack,C9300-24S,Access,Fiber,24,1G,Modular,Modular,Modular,Yes,,,Yes,Redundant,Yes,Modular Redundant,Full L3,"Stacking,  StackPower, Redundant PSU, Fan",C9300: 24x 1G Fiber downlinks and Modular uplinks,,https://www.cisco.com/c/en/us/products/switches/catalyst-9300-series-switches/datasheet-listing.html
Catalyst,C9300,Rack,C9300-48S,Access,Fiber,48,1G,Modular,Modular,Modular,Yes,,,Yes,Redundant,Yes,Modular Redundant,Full L3,"Stacking,  StackPower, Redundant PSU, Fan",C9300: 48x 1G Fiber downlinks and Modular uplinks,,https://www.cisco.com/c/en/us/products/switches/catalyst-9300-series-switches/datasheet-listing.html
Catalyst,C9300X,Module,C9300X-NM-8M,Access,,,,Multigigabit Copper,8,10Gbps,,,,Yes,,,,,,C9300X: 8x 10Gbps Multigigabit Copper uplinks,,https://www.cisco.com/c/en/us/products/switches/catalyst-9300-series-switches/datasheet-listing.html
Catalyst,C9300X,Module,C9300X-NM-8Y,Access,,,,Fiber,8,25Gbps,,,,Yes,,,,,,C9300X: 8x 25Gbps Fiber uplinks,,https://www.cisco.com/c/en/us/products/switches/catalyst-9300-series-switches/datasheet-listing.html
Catalyst,C9300X,Module,C9300X-NM-2C,Access,,,,Fiber,2,100Gbps,,,,Yes,,,,,,C9300X: 2x 100Gbps Fiber uplinks,,https://www.cisco.com/c/en/us/products/switches/catalyst-9300-series-switches/datasheet-listing.html
Catalyst,C9300X,Module,C9300X-NM-4C,Access,,,,Fiber,4,100Gbps,,,,Yes,,,,,,C9300X: 4x 100Gbps Fiber uplinks,,https://www.cisco.com/c/en/us/products/switches/catalyst-9300-series-switches/datasheet-listing.html
Catalyst,C9300X,Module,BLANK,Access,,,,,0,,,,,Yes,,,,,,,,https://www.cisco.com/c/en/us/products/switches/catalyst-9300-series-switches/datasheet-listing.html
Catalyst,C9300L,Rack,C9300L-24T-4G,Access,Copper,24,1G,Fiber,4,1Gbps,No,,,Yes,Redundant,Yes,Modular Redundant,Full L3,"Stacking,  Redundant PSU, Fan",C9300L: 24x 1G Copper downlinks and 4x 1Gbps Fiber uplinks,,https://www.cisco.com/c/en/us/products/switches/catalyst-9300-series-switches/datasheet-listing.html
Catalyst,C9300L,Rack,C9300L-24P-4G,Access,Copper,24,1G,Fiber,4,1Gbps,No,,PoE+,Yes,Redundant,Yes,Modular Redundant,Full L3,"PoE, Stacking,  Redundant PSU, Fan",C9300L: 24x PoE+ 1G Copper downlinks and 4x 1Gbps Fiber uplinks,,https://www.cisco.com/c/en/us/products/switches/catalyst-9300-series-switches/datasheet-listing.html
Catalyst,C9300L,Rack,C9300L-48T-4G,Access,Copper,48,1G,Fiber,4,1Gbps,No,,,Yes,Redundant,Yes,Modular Redundant,Full L3,"Stacking,  Redundant PSU, Fan",C9300L: 48x 1G Copper downlinks and 4x 1Gbps Fiber uplinks,,https://www.cisco.com/c/en/us/products/switches/catalyst-9300-series-switches/datasheet-listing.html
Catalyst,C9300L,Rack,C9300L-48P-4G,Access,Copper,48,1G,Fiber,4,1Gbps,No,,PoE+,Yes,Redundant,Yes,Modular Redundant,Full L3,"PoE, Stacking,  Redundant PSU, Fan",C9300L: 48x PoE+ 1G Copper downlinks and 4x 1Gbps Fiber uplinks,,https://www.cisco.com/c/en/us/products/switches/catalyst-9300-series-switches/datasheet-listing.html
Catalyst,C9300L,Rack,C9300L-48PF-4G,Access,Copper,48,1G,Fiber,4,1Gbps,No,,PoE+,Yes,Redundant,Yes,Modular Redundant,Full L3,"PoE, Stacking,  Redundant PSU, Fan",C9300L: 48x PoE+ 1G Copper downlinks and 4x 1Gbps Fiber uplinks,,https://www.cisco.com/c/en/us/products/switches/catalyst-9300-series-switches/datasheet-listing.html
Catalyst,C9300L,Rack,C9300L-24T-4X,Access,Copper,24,1G,Fiber,4,10Gbps,No,,,Yes,Redundant,Yes,Modular Redundant,Full L3,"Stacking,  Redundant PSU, Fan",C9300L: 24x 1G Copper downlinks and 4x 10Gbps Fiber uplinks,,https://www.cisco.com/c/en/us/products/switches/catalyst-9300-series-switches/datasheet-listing.html
Catalyst,C9300L,Rack,C9300L-24P-4X,Access,Copper,24,1G,Fiber,4,10Gbps,No,,PoE+,Yes,Redundant,Yes,Modular Redundant,Full L3,"PoE, Stacking,  Redundant PSU, Fan",C9300L: 24x PoE+ 1G Copper downlinks and 4x 10Gbps Fiber uplinks,,https://www.cisco.com/c/en/us/products/switches/catalyst-9300-series-switches/datasheet-listing.html
Catalyst,C9300L,Rack,C9300L-24UXG-4X,Access,Copper,24,10G,Fiber,4,10Gbps,No,,UPOE,Yes,Redundant,Yes,Modular Redundant,Full L3,"PoE, Stacking, Multigigabit,  Redundant PSU, Fan",C9300L: 24x UPOE 10G Copper downlinks and 4x 10Gbps Fiber uplinks,,https://www.cisco.com/c/en/us/products/switches/catalyst-9300-series-switches/datasheet-listing.html
Catalyst,C9300L,Rack,C9300L-48T-4X,Access,Copper,48,1G,Fiber,4,10Gbps,No,,,Yes,Redundant,Yes,Modular Redundant,Full L3,"Stacking,  Redundant PSU, Fan",C9300L: 48x 1G Copper downlinks and 4x 10Gbps Fiber uplinks,,https://www.cisco.com/c/en/us/products/switches/catalyst-9300-series-switches/datasheet-listing.html
Catalyst,C9300L,Rack,C9300L-48P-4X,Access,Copper,48,1G,Fiber,4,10Gbps,No,,PoE+,Yes,Redundant,Yes,Modular Redundant,Full L3,"PoE, Stacking,  Redundant PSU, Fan",C9300L: 48x PoE+ 1G Copper downlinks and 4x 10Gbps Fiber uplinks,,https://www.cisco.com/c/en/us/products/switches/catalyst-9300-series-switches/datasheet-listing.html
Catalyst,C9300L,Rack,C9300L-48PF-4X,Access,Copper,48,1G,Fiber,4,10Gbps,No,,PoE+,Yes,Redundant,Yes,Modular Redundant,Full L3,"PoE, Stacking,  Redundant PSU, Fan",C9300L: 48x PoE+ 1G Copper downlinks and 4x 10Gbps Fiber uplinks,,https://www.cisco.com/c/en/us/products/switches/catalyst-9300-series-switches/datasheet-listing.html
Catalyst,C9300L,Rack,C9300L-48UXG-4X,Access,Copper,48,10G,Fiber,4,10Gbps,No,,UPOE,Yes,Redundant,Yes,Modular Redundant,Full L3,"PoE, Stacking, Multigigabit,  Redundant PSU, Fan",C9300L: 48x UPOE 10G Copper downlinks and 4x 10Gbps Fiber uplinks,,https://www.cisco.com/c/en/us/products/switches/catalyst-9300-series-switches/datasheet-listing.html
Catalyst,C9300L,Rack,C9300L-24UXG-2Q,Access,Copper,24,10G,Fiber,2,40Gbps,No,,UPOE,Yes,Redundant,Yes,Modular Redundant,Full L3,"PoE, Stacking, Multigigabit,  Redundant PSU, Fan",C9300L: 24x UPOE 10G Copper downlinks and 2x 40Gbps Fiber uplinks,,https://www.cisco.com/c/en/us/products/switches/catalyst-9300-series-switches/datasheet-listing.html
Catalyst,C9300L,Rack,C9300L-48UXG-2Q,Access,Copper,48,10G,Fiber,2,40Gbps,No,,UPOE,Yes,Redundant,Yes,Modular Redundant,Full L3,"PoE, Stacking, Multigigabit,  Redundant PSU, Fan",C9300L: 48x UPOE 10G Copper downlinks and 2x 40Gbps Fiber uplinks,,https://www.cisco.com/c/en/us/products/switches/catalyst-9300-series-switches/datasheet-listing.html
Catalyst,C9300L,Rack,C9300LM-48UX-4Y,Access,Copper,48,10G,Fiber,4,25Gbps,No,,UPOE,Yes,Redundant,Yes,Modular Redundant,Full L3,"PoE, Stacking, Multigigabit,  Redundant PSU, Fan",C9300L: 48x UPOE 10G Copper downlinks and 4x 25Gbps Fiber uplinks,,https://www.cisco.com/c/en/us/products/switches/catalyst-9300-series-switches/datasheet-listing.html
Catalyst,C9300L,Rack,C9300LM-48T-4Y,Access,Copper,48,1G,Fiber,4,25Gbps,No,,,Yes,Redundant,Yes,Modular Redundant,Full L3,"Stacking,  Redundant PSU, Fan",C9300L: 48x 1G Copper downlinks and 4x 25Gbps Fiber uplinks,,https://www.cisco.com/c/en/us/products/switches/catalyst-9300-series-switches/datasheet-listing.html
Catalyst,C9300L,Rack,C9300LM-24U-4Y,Access,Copper,24,1G,Fiber,4,25Gbps,No,,UPOE,Yes,Redundant,Yes,Modular Redundant,Full L3,"PoE, Stacking,  Redundant PSU, Fan",C9300L: 24x UPOE 1G Copper downlinks and 4x 25Gbps Fiber uplinks,,https://www.cisco.com/c/en/us/products/switches/catalyst-9300-series-switches/datasheet-listing.html
Catalyst,C9300,Module,C9300-NM-4G,Access,,,,Fiber,4,1Gbps,,,,Yes,,,,,,C9300: 4x 1Gbps Fiber uplinks,,https://www.cisco.com/c/en/us/products/switches/catalyst-9300-series-switches/datasheet-listing.html
Catalyst,C9300,Module,C9300-NM-8X,Access,,,,Fiber,8,10Gbps,,,,Yes,,,,,,C9300: 8x 10Gbps Fiber uplinks,,https://www.cisco.com/c/en/us/products/switches/catalyst-9300-series-switches/datasheet-listing.html
Catalyst,C9300,Module,C9300-NM-2Q,Access,,,,Fiber,2,40Gbps,,,,Yes,,,,,,C9300: 2x 40Gbps Fiber uplinks,,https://www.cisco.com/c/en/us/products/switches/catalyst-9300-series-switches/datasheet-listing.html
Catalyst,C9300,Module,C9300-NM-2Y,Access,,,,Fiber,2,25Gbps,,,,Yes,,,,,,C9300: 2x 25Gbps Fiber uplinks,,https://www.cisco.com/c/en/us/products/switches/catalyst-9300-series-switches/datasheet-listing.html
Catalyst,C9300,Module,C9300-NM-4M,Access,,,,Multigigabit Copper,4,10Gbps,,,,Yes,,,,,,C9300: 4x 10Gbps Multigigabit Copper uplinks,,https://www.cisco.com/c/en/us/products/switches/catalyst-9300-series-switches/datasheet-listing.html
Catalyst,C9300,Module,BLANK,Access,,,,,0,,,,,Yes,,,,,,,,https://www.cisco.com/c/en/us/products/switches/catalyst-9300-series-switches/datasheet-listing.html
Catalyst,C9300X,Rack,C9300X-48HX,Access,Copper,48,10G,Modular,Modular,Modular,Yes,,UPOE+,Yes,Redundant,Yes,Modular Redundant,Full L3,"PoE, Stacking, Multigigabit,  StackPower, Redundant PSU, Fan",C9300X: 48x UPOE+ 10G Copper downlinks and Modular uplinks,,https://www.cisco.com/c/en/us/products/switches/catalyst-9300-series-switches/datasheet-listing.html
Catalyst,C9300X,Rack,C9300X-48TX,Access,Copper,48,10G,Modular,Modular,Modular,Yes,,,Yes,Redundant,Yes,Modular Redundant,Full L3,"Stacking, Multigigabit,  StackPower, Redundant PSU, Fan",C9300X: 48x 10G Copper downlinks and Modular uplinks,,https://www.cisco.com/c/en/us/products/switches/catalyst-9300-series-switches/datasheet-listing.html
Catalyst,C9300X,Rack,C9300X-48HXN,Access,Copper,48,5G,Modular,Modular,Modular,Yes,,UPOE+,Yes,Redundant,Yes,Modular Redundant,Full L3,"PoE, Stacking, Multigigabit,  StackPower, Redundant PSU, Fan",C9300X: 48x UPOE+ 5G Copper downlinks and Modular uplinks,,https://www.cisco.com/c/en/us/products/switches/catalyst-9300-series-switches/datasheet-listing.html
Catalyst,C9300X,Rack,C9300X-24HX,Access,Copper,24,10G,Modular,Modular,Modular,Yes,,UPOE+,Yes,Redundant,Yes,Modular Redundant,Full L3,"PoE, Stacking, Multigigabit,  StackPower, Redundant PSU, Fan",C9300X: 24x UPOE+ 10G Copper downlinks and Modular uplinks,,https://www.cisco.com/c/en/us/products/switches/catalyst-9300-series-switches/datasheet-listing.html
Catalyst,C9300X,Rack,C9300X-12Y,Access,Fiber,12,25G,Modular,Modular,Modular,Yes,,,Yes,Redundant,Yes,Modular Redundant,Full L3,"Stacking,  StackPower, Redundant PSU, Fan",C9300X: 12x 25G Fiber downlinks and Modular uplinks,,https://www.cisco.com/c/en/us/products/switches/catalyst-9300-series-switches/datasheet-listing.html
Catalyst,C9300X,Rack,C9300X-24Y,Access,Fiber,24,25G,Modular,Modular,Modular,Yes,,,Yes,Redundant,Yes,Modular Redundant,Full L3,"Stacking,  StackPower, Redundant PSU, Fan",C9300X: 24x 25G Fiber downlinks and Modular uplinks,,https://www.cisco.com/c/en/us/products/switches/catalyst-9300-series-switches/datasheet-listing.html
Catalyst,C9400,Chassis,C9404R,"Access,Distribution","Copper, Fiber",96,Modular,Modular,Modular,Modular,No,2,Dependent on Line Card,No,Redundant Tray,No,Up to 4 PSUs,Full L3,"Stacking,  Redundant PSU, Fan",C9400: 96x Dependent on Line Card Modular downlinks and Modular uplinks,Stackwise Virtual stacking supported for 2 switches (DNA Advantage),https://www.cisco.com/c/en/us/products/collateral/switches/catalyst-9400-series-switches/nb-06-cat9400-ser-data-sheet-cte-en.html
Catalyst,C9400,Chassis,C9407R,"Access,Distribution","Copper, Fiber",240,Modular,Modular,Modular,Modular,No,5,Dependent on Line Card,No,Redundant Tray,No,Up to 8 PSUs,Full L3,"Stacking,  Redundant PSU, Fan",C9400: 240x Dependent on Line Card Modular downlinks and Modular uplinks,Stackwise Virtual stacking supported for 2 switches (DNA Advantage),https://www.cisco.com/c/en/us/products/collateral/switches/catalyst-9400-series-switches/nb-06-cat9400-ser-data-sheet-cte-en.html
Catalyst,C9400,Chassis,C9410R,"Access,Distribution","Copper, Fiber",384,Modular,Modular,Modular,Modular,No,8,Dependent on Line Card,No,Redundant Tray,No,Up to 8 PSUs,Full L3,"Stacking,  Redundant PSU, Fan",C9400: 384x Dependent on Line Card Modular downlinks and Modular uplinks,Stackwise Virtual stacking supported for 2 switches (DNA Advantage),https://www.cisco.com/c/en/us/products/collateral/switches/catalyst-9400-series-switches/nb-06-cat9400-ser-data-sheet-cte-en.html
Catalyst,C9400,Supervisor,C9400-SUP-1,"Access,Distribution",,,,Fiber / Hybrid,8,"10Gbps, 40Gbps",,,,No,,,,,,C9400: 8x 10Gbps / 40Gbps Fiber / Hybrid uplinks,,https://www.cisco.com/c/en/us/products/collateral/switches/catalyst-9400-series-switches/nb-06-cat9400-ser-data-sheet-cte-en.html
Catalyst,C9400,Supervisor,C9400-SUP-1XL,"Access,Distribution",,,,Fiber / Hybrid,8,"10Gbps, 40Gbps",,,,No,,,,,,C9400: 8x 10Gbps / 40Gbps Fiber / Hybrid uplinks,,https://www.cisco.com/c/en/us/products/collateral/switches/catalyst-9400-series-switches/nb-06-cat9400-ser-data-sheet-cte-en.html
Catalyst,C9400,Line Card,C9400-LC-48U,"Access,Distribution",Copper,48,1G,,,,,,UPOE,No,,,,,PoE,C9400: 48x UPOE 1G Copper downlinks,,https://www.cisco.com/c/en/us/products/collateral/switches/catalyst-9400-series-switches/nb-06-cat9400-ser-data-sheet-cte-en.html
Catalyst,C9400,Line Card,C9400-LC-48P,"Access,Distribution",Copper,48,1G,,,,,,PoE+,No,,,,,PoE,C9400: 48x PoE+ 1G Copper downlinks,,https://www.cisco.com/c/en/us/products/collateral/switches/catalyst-9400-series-switches/nb-06-cat9400-ser-data-sheet-cte-en.html
Catalyst,C9400,Line Card,C9400-LC-48T,"Access,Distribution",Copper,48,1G,,,,,,,No,,,,,,C9400: 48x 1G Copper downlinks,,https://www.cisco.com/c/en/us/products/collateral/switches/catalyst-9400-series-switches/nb-06-cat9400-ser-data-sheet-cte-en.html
Catalyst,C9400,Line Card,C9400-LC-48UX,"Access,Distribution",Copper,48,10G,,,,,,UPOE,No,,,,,"PoE, Multigigabit",C9400: 48x UPOE 10G Copper downlinks,,https://www.cisco.com/c/en/us/products/collateral/switches/catalyst-9400-series-switches/nb-06-cat9400-ser-data-sheet-cte-en.html
Catalyst,C9400,Line Card,C9400-LC-24XS,"Access,Distribution",Fiber,24,10G,,,,,,,No,,,,,,C9400: 24x 10G Fiber downlinks,,https://www.cisco.com/c/en/us/products/collateral/switches/catalyst-9400-series-switches/nb-06-cat9400-ser-data-sheet-cte-en.html
Catalyst,C9400,Line Card,C9400-LC-24S,"Access,Distribution",Fiber,24,1G,,,,,,,No,,,,,,C9400: 24x 1G Fiber downlinks,,https://www.cisco.com/c/en/us/products/collateral/switches/catalyst-9400-series-switches/nb-06-cat9400-ser-data-sheet-cte-en.html
Catalyst,C9400,Line Card,C9400-LC-48S,"Access,Distribution",Fiber,48,1G,,,,,,,No,,,,,,C9400: 48x 1G Fiber downlinks,,https://www.cisco.com/c/en/us/products/collateral/switches/catalyst-9400-series-switches/nb-06-cat9400-ser-data-sheet-cte-en.html
Catalyst,C9400,Line Card,C9400-LC-48H,"Access,Distribution",Copper,48,1G,,,,,,UPOE+,No,,,,,PoE,C9400: 48x UPOE+ 1G Copper downlinks,,https://www.cisco.com/c/en/us/products/collateral/switches/catalyst-9400-series-switches/nb-06-cat9400-ser-data-sheet-cte-en.html
Catalyst,C9400,Line Card,C9400-LC-48HN,"Access,Distribution",Copper,48,5G,,,,,,UPOE+,No,,,,,"PoE, Multigigabit",C9400: 48x UPOE+ 5G Copper downlinks,,https://www.cisco.com/c/en/us/products/collateral/switches/catalyst-9400-series-switches/nb-06-cat9400-ser-data-sheet-cte-en.html
Catalyst,C9400,Line Card,C9400-LC-48HX,"Access,Distribution",Copper,48,10G,,,,,,UPOE+,No,,,,,"PoE, Multigigabit",C9400: 48x UPOE+ 10G Copper downlinks,,https://www.cisco.com/c/en/us/products/collateral/switches/catalyst-9400-series-switches/nb-06-cat9400-ser-data-sheet-cte-en.html
Catalyst,C9400,Line Card,C9400-LC-48TX,"Access,Distribution",Copper,48,10G,,,,,,,No,,,,,Multigigabit,C9400: 48x 10G Copper downlinks,,https://www.cisco.com/c/en/us/products/collateral/switches/catalyst-9400-series-switches/nb-06-cat9400-ser-data-sheet-cte-en.html
Catalyst,C9400,Line Card,C9400-LC-48XS,"Access,Distribution",Fiber,48,10G,,,,,,,No,,,,,,C9400: 48x 10G Fiber downlinks,,https://www.cisco.com/c/en/us/products/collateral/switches/catalyst-9400-series-switches/nb-06-cat9400-ser-data-sheet-cte-en.html
Catalyst,C9400,Line Card,C9400-LC-24XY,"Access,Distribution",Fiber,24,25G,,,,,,,No,,,,,,C9400: 24x 25G Fiber downlinks,,https://www.cisco.com/c/en/us/products/collateral/switches/catalyst-9400-series-switches/nb-06-cat9400-ser-data-sheet-cte-en.html
Catalyst,C9400,Line Card,C9400-LC-12QC,"Access,Distribution",Fiber,12,"40G, 100G",,,,,,,No,,,,,,C9400: 12x 40G / 100G Fiber downlinks,,https://www.cisco.com/c/en/us/products/collateral/switches/catalyst-9400-series-switches/nb-06-cat9400-ser-data-sheet-cte-en.html
Catalyst,C9500,Rack,C9500X-28C8D,"Core,Distribution",Fiber,28,"40G, 100G",Fiber,8,"40Gbps, 100Gbps, 200Gbps, 400Gbps",No,,,Yes,Redundant,Yes,Modular Redundant,Full L3,"Stacking,  Redundant PSU, Fan",C9500: 36x 100G / 400G Fiber downlinks,DNA Advantage is required for Stackwise Virtual stacking!,https://www.cisco.com/c/en/us/support/switches/catalyst-9500-series-switches/series.html
Catalyst,C9500,Rack,C9500X-60L4D,"Core,Distribution",Fiber,60,"10G, 25G, 50G",Fiber,4,"40Gbps, 100Gbps, 200Gbps, 400Gbps",No,,,Yes,Redundant,Yes,Modular Redundant,Full L3,"Stacking,  Redundant PSU, Fan",C9500: 64x 50G / 400G Fiber downlinks,DNA Advantage is required for Stackwise Virtual stacking!,https://www.cisco.com/c/en/us/support/switches/catalyst-9500-series-switches/series.html
Catalyst,C9500,Rack,C9500-32C,"Core,Distribution",Fiber,32,100G,,0,,No,,,Yes,Redundant,Yes,Modular Redundant,Full L3,"Stacking,  Redundant PSU, Fan",C9500: 32x 100G Fiber downlinks,DNA Advantage is required for Stackwise Virtual stacking!,https://www.cisco.com/c/en/us/support/switches/catalyst-9500-series-switches/series.html
Catalyst,C9500,Rack,C9500-32QC,"Core,Distribution",Fiber,32,40G,,0,,No,,,Yes,Redundant,Yes,Modular Redundant,Full L3,"Stacking,  Redundant PSU, Fan",C9500: 32x 40G Fiber downlinks,"DNA Advantage is required for Stackwise Virtual stacking!

Ports can also be used as 16x 100G",https://www.cisco.com/c/en/us/support/switches/catalyst-9500-series-switches/series.html
Catalyst,C9500,Rack,C9500-48Y4C,"Core,Distribution",Fiber,48,25G,Fiber,4,100Gbps,No,,,Yes,Redundant,Yes,Modular Redundant,Full L3,"Stacking,  Redundant PSU, Fan",C9500: 48x 25G Fiber downlinks and 4x 100Gbps Fiber uplinks,DNA Advantage is required for Stackwise Virtual stacking!,https://www.cisco.com/c/en/us/support/switches/catalyst-9500-series-switches/series.html
Catalyst,C9500,Rack,C9500-24Y4C,"Core,Distribution",Fiber,24,25G,Fiber,4,100Gbps,No,,,Yes,Redundant,Yes,Modular Redundant,Full L3,"Stacking,  Redundant PSU, Fan",C9500: 24x 25G Fiber downlinks and 4x 100Gbps Fiber uplinks,DNA Advantage is required for Stackwise Virtual stacking!,https://www.cisco.com/c/en/us/support/switches/catalyst-9500-series-switches/series.html
Catalyst,C9500,Rack,C9500-16X,"Core,Distribution",Fiber,16,10G,Modular,Modular,Modular,Yes,,,Yes,Redundant,Yes,Modular Redundant,Full L3,"Stacking,  Redundant PSU, Fan",C9500: 16x 10G Fiber downlinks and Modular uplinks,DNA Advantage is required for Stackwise Virtual stacking!,https://www.cisco.com/c/en/us/support/switches/catalyst-9500-series-switches/series.html
Catalyst,C9500,Rack,C9500-16X-2Q,"Core,Distribution",Fiber,16,10G,Fiber,2,40Gbps,No,,,Yes,Redundant,Yes,Modular Redundant,Full L3,"Stacking,  Redundant PSU, Fan",C9500: 16x 10G Fiber downlinks and 2x 40Gbps Fiber uplinks,DNA Advantage is required for Stackwise Virtual stacking!,https://www.cisco.com/c/en/us/support/switches/catalyst-9500-series-switches/series.html
Catalyst,C9500,Module,C9500-NM-2Q,"Core,Distribution",,,,Fiber,2,40Gbps,,,,Yes,,,,,,C9500: 2x 40Gbps Fiber uplinks,,https://www.cisco.com/c/en/us/support/switches/catalyst-9500-series-switches/series.html
Catalyst,C9500,Module,C9500-NM-8X,"Core,Distribution",,,,Fiber,8,10Gbps,,,,Yes,,,,,,C9500: 8x 10Gbps Fiber uplinks,,https://www.cisco.com/c/en/us/support/switches/catalyst-9500-series-switches/series.html
Catalyst,C9600,Chassis,C9606R,"Core,Distribution","Copper, Fiber",192,Modular,Modular,Modular,Modular,No,4,Dependent on Line Card,No,Redundant Tray,No,Up to 4 PSUs,Full L3,"Stacking,  Redundant PSU, Fan",C9600: 192x Dependent on Line Card Modular downlinks and Modular uplinks,,https://www.cisco.com/c/en/us/td/docs/switches/lan/catalyst9600/software/release/17-12/release_notes/ol-17-12-9600/introduction.html
Catalyst,C9600,Line Card,C9600-LC-24C,"Core,Distribution",Fiber,24,100G,,,,,,,No,,,,,,C9600: 24x 100G Fiber downlinks,,https://www.cisco.com/c/en/us/td/docs/switches/lan/catalyst9600/software/release/17-12/release_notes/ol-17-12-9600/introduction.html
Catalyst,C9600,Line Card,C9600-LC-48YL,"Core,Distribution",Fiber,48,25G,,,,,,,No,,,,,,C9600: 48x 25G Fiber downlinks,,https://www.cisco.com/c/en/us/td/docs/switches/lan/catalyst9600/software/release/17-12/release_notes/ol-17-12-9600/introduction.html
Catalyst,C9600,Line Card,C9600-LC-48TX,"Core,Distribution",Copper,48,10G,,,,,,,No,,,,,Multigigabit,C9600: 48x 10G Copper downlinks,,https://www.cisco.com/c/en/us/td/docs/switches/lan/catalyst9600/software/release/17-12/release_notes/ol-17-12-9600/introduction.html
Catalyst,C9600,Line Card,C9600-LC-48S,"Core,Distribution",Fiber,48,1G,,,,,,,No,,,,,,C9600: 48x 1G Fiber downlinks,,https://www.cisco.com/c/en/us/td/docs/switches/lan/catalyst9600/software/release/17-12/release_notes/ol-17-12-9600/introduction.html
Catalyst,C9600,Line Card,C9600-LC-40YL4CD,"Core,Distribution",Fiber,44,"25G, 100G",,,,,,,No,,,,,,C9600: 44x 25G / 100G Fiber downlinks,,https://www.cisco.com/c/en/us/td/docs/switches/lan/catalyst9600/software/release/17-12/release_notes/ol-17-12-9600/introduction.html
Catalyst,C9600,Line Card,C9600X-LC-56YL4C,"Core,Distribution",Fiber,60,"25G, 100G",,,,,,,No,,,,,,C9600: 60x 25G / 100G Fiber downlinks,,https://www.cisco.com/c/en/us/td/docs/switches/lan/catalyst9600/software/release/17-12/release_notes/ol-17-12-9600/introduction.html
Catalyst,C9600,Line Card,C9600X-LC-32CD,"Core,Distribution",Fiber,32,"100G, 400G",,,,,,,No,,,,,,C9600: 32x 100G / 400G Fiber downlinks,,https://www.cisco.com/c/en/us/td/docs/switches/lan/catalyst9600/software/release/17-12/release_notes/ol-17-12-9600/introduction.html
Catalyst,C9350 SmartSwitch,Rack,C9350-24T,Access,Copper,24,1G,Modular,Modular,Modular,Yes,,,Yes,Redundant,Yes,Modular Redundant,Full L3,"Stacking,  StackPower, Redundant PSU, Fan",C9350 SmartSwitch: 24x 1G Copper downlinks and Modular uplinks,AI ready hardware using Cisco Silicon One ASICs,https://www.cisco.com/c/en/us/products/collateral/switches/catalyst-9000-switches/c9000-smart-switches-faq.html
Catalyst,C9350 SmartSwitch,Rack,C9350-48T,Access,Copper,48,1G,Modular,Modular,Modular,Yes,,,Yes,Redundant,Yes,Modular Redundant,Full L3,"Stacking,  StackPower, Redundant PSU, Fan",C9350 SmartSwitch: 48x 1G Copper downlinks and Modular uplinks,AI ready hardware using Cisco Silicon One ASICs,https://www.cisco.com/c/en/us/products/collateral/switches/catalyst-9000-switches/c9000-smart-switches-faq.html
Catalyst,C9350 SmartSwitch,Rack,C9350-24P,Access,Copper,24,1G,Modular,Modular,Modular,Yes,,PoE+,Yes,Redundant,Yes,Modular Redundant,Full L3,"PoE, Stacking,  StackPower, Redundant PSU, Fan",C9350 SmartSwitch: 24x PoE+ 1G Copper downlinks and Modular uplinks,AI ready hardware using Cisco Silicon One ASICs,https://www.cisco.com/c/en/us/products/collateral/switches/catalyst-9000-switches/c9000-smart-switches-faq.html
Catalyst,C9350 SmartSwitch,Rack,C9350-48P,Access,Copper,48,1G,Modular,Modular,Modular,Yes,,PoE+,Yes,Redundant,Yes,Modular Redundant,Full L3,"PoE, Stacking,  StackPower, Redundant PSU, Fan",C9350 SmartSwitch: 48x PoE+ 1G Copper downlinks and Modular uplinks,AI ready hardware using Cisco Silicon One ASICs,https://www.cisco.com/c/en/us/products/collateral/switches/catalyst-9000-switches/c9000-smart-switches-faq.html
Catalyst,C9350 SmartSwitch,Rack,C9350-24U,Access,Copper,24,1G,Modular,Modular,Modular,Yes,,UPOE,Yes,Redundant,Yes,Modular Redundant,Full L3,"PoE, Stacking,  StackPower, Redundant PSU, Fan",C9350 SmartSwitch: 24x UPOE 1G Copper downlinks and Modular uplinks,AI ready hardware using Cisco Silicon One ASICs,https://www.cisco.com/c/en/us/products/collateral/switches/catalyst-9000-switches/c9000-smart-switches-faq.html
Catalyst,C9350 SmartSwitch,Rack,C9350-48U,Access,Copper,48,1G,Modular,Modular,Modular,Yes,,UPOE,Yes,Redundant,Yes,Modular Redundant,Full L3,"PoE, Stacking,  StackPower, Redundant PSU, Fan",C9350 SmartSwitch: 48x UPOE 1G Copper downlinks and Modular uplinks,AI ready hardware using Cisco Silicon One ASICs,https://www.cisco.com/c/en/us/products/collateral/switches/catalyst-9000-switches/c9000-smart-switches-faq.html
Catalyst,C9350 SmartSwitch,Rack,C9350-48TX,Access,Copper,48,10G,Modular,Modular,Modular,Yes,,,Yes,Redundant,Yes,Modular Redundant,Full L3,"Stacking, Multigigabit,  StackPower, Redundant PSU, Fan",C9350 SmartSwitch: 48x 10G Copper downlinks and Modular uplinks,AI ready hardware using Cisco Silicon One ASICs,https://www.cisco.com/c/en/us/products/collateral/switches/catalyst-9000-switches/c9000-smart-switches-faq.html
Catalyst,C9350 SmartSwitch,Rack,C9350-24HX,Access,Copper,24,10G,Modular,Modular,Modular,Yes,,UPOE+,Yes,Redundant,Yes,Modular Redundant,Full L3,"PoE, Stacking, Multigigabit,  StackPower, Redundant PSU, Fan",C9350 SmartSwitch: 24x UPOE+ 10G Copper downlinks and Modular uplinks,AI ready hardware using Cisco Silicon One ASICs,https://www.cisco.com/c/en/us/products/collateral/switches/catalyst-9000-switches/c9000-smart-switches-faq.html
Catalyst,C9350 SmartSwitch,Rack,C9350-48HX,Access,Copper,48,10G,Modular,Modular,Modular,Yes,,UPOE+,Yes,Redundant,Yes,Modular Redundant,Full L3,"PoE, Stacking, Multigigabit,  StackPower, Redundant PSU, Fan",C9350 SmartSwitch: 48x UPOE+ 10G Copper downlinks and Modular uplinks,AI ready hardware using Cisco Silicon One ASICs,https://www.cisco.com/c/en/us/products/collateral/switches/catalyst-9000-switches/c9000-smart-switches-faq.html
Catalyst,C9350 SmartSwitch,Rack,C9350-48HXN,Access,Copper,48,5G,Modular,Modular,Modular,Yes,,UPOE+,Yes,Redundant,Yes,Modular Redundant,Full L3,"PoE, Stacking, Multigigabit,  StackPower, Redundant PSU, Fan",C9350 SmartSwitch: 48x UPOE+ 5G Copper downlinks and Modular uplinks,AI ready hardware using Cisco Silicon One ASICs,https://www.cisco.com/c/en/us/products/collateral/switches/catalyst-9000-switches/c9000-smart-switches-faq.html
Catalyst,C9350 SmartSwitch,Module,C9350-NM-4C,Access,,,,Fiber,4,100Gbps,,,,No,,,,,,C9350 SmartSwitch: 4x 100Gbps Fiber uplinks,,https://www.cisco.com/c/en/us/products/collateral/switches/catalyst-9000-switches/c9000-smart-switches-faq.html
Catalyst,C9350 SmartSwitch,Module,C9350-NM-2C,Access,,,,Fiber,2,100Gbps,,,,No,,,,,,C9350 SmartSwitch: 2x 100Gbps Fiber uplinks,,https://www.cisco.com/c/en/us/products/collateral/switches/catalyst-9000-switches/c9000-smart-switches-faq.html
Catalyst,C9350 SmartSwitch,Module,C9350-NM-8Y,Access,,,,Fiber,8,25Gbps,,,,No,,,,,,C9350 SmartSwitch: 8x 25Gbps Fiber uplinks,,https://www.cisco.com/c/en/us/products/collateral/switches/catalyst-9000-switches/c9000-smart-switches-faq.html
Catalyst,C9550 SmartSwitch,Rack,C9550-24L4CD,"Core,Distribution",Fiber,24,50G,Fiber,4,400Gbps,,,,Yes,Redundant,Yes,Modular Redundant,Full L3,"Stacking,  Redundant PSU, Fan","C9550 SmartSwitch: 24 ports 50/25/10/1G downlinks, four 100/40G or two 400G ports as fixed uplinks",,https://www.cisco.com/c/en/us/products/collateral/networking/switches/c9550-series-smart-switches-ds.html
Catalyst,C9550 SmartSwitch,Rack,C9550-48L4CD,"Core,Distribution",Fiber,48,50G,Fiber,4,400Gbps,,,,Yes,Redundant,Yes,Modular Redundant,Full L3,"Stacking,  Redundant PSU, Fan","C9550 SmartSwitch: 48 ports 50/25/10/1G downlinks, four 100/40G or two 400G ports as fixed uplinks",,https://www.cisco.com/c/en/us/products/collateral/networking/switches/c9550-series-smart-switches-ds.html
Catalyst,C9550 SmartSwitch,Rack,C9550-96L4D,"Core,Distribution",Fiber,96,50G,Fiber,4,400Gbps,,,,Yes,Redundant,Yes,Modular Redundant,Full L3,"Stacking,  Redundant PSU, Fan","C9550 SmartSwitch: 96 ports 50/25/10/1G downlinks, four 400/100/40G ports as fixed uplinks",,https://www.cisco.com/c/en/us/products/collateral/networking/switches/c9550-series-smart-switches-ds.html
Catalyst,C9610 SmartSwitch,Chassis,C9610R,"Core,Distribution","Copper, Fiber",384,Modular,Modular,Modular,Modular,No,8,Dependent on Line Card,Yes,Redundant Tray,No,Up to 8 PSUs,Full L3,"Stacking,  Redundant PSU, Fan",C9610 SmartSwitch: 384x Dependent on Line Card Modular downlinks and Modular uplinks,AI ready hardware using Cisco Silicon One ASICs,https://www.cisco.com/c/en/us/products/collateral/switches/catalyst-9000-switches/c9000-smart-switches-faq.html
Catalyst,C9610 SmartSwitch,Line Card,C9610-LC-32CD,"Core,Distribution",Fiber,32,"100G, 400G",,,,,,,No,,,,,,C9610 SmartSwitch: 32x 100G / 400G Fiber downlinks,,https://www.cisco.com/c/en/us/products/collateral/switches/catalyst-9000-switches/c9000-smart-switches-faq.html
Catalyst,C9610 SmartSwitch,Line Card,C9610-LC-40YL4CD,"Core,Distribution",Fiber,44,"25G, 100G",,,,,,,No,,,,,,C9610 SmartSwitch: 44x 25G / 100G Fiber downlinks,,https://www.cisco.com/c/en/us/products/collateral/switches/catalyst-9000-switches/c9000-smart-switches-faq.html
Catalyst,C9610 SmartSwitch,Line Card,C9600X-LC-32CD,"Core,Distribution",Fiber,32,"100G, 400G",,,,,,,No,,,,,,C9610 SmartSwitch: 32x 100G / 400G Fiber downlinks,,https://www.cisco.com/c/en/us/products/collateral/switches/catalyst-9000-switches/c9000-smart-switches-faq.html
Catalyst,C9610 SmartSwitch,Line Card,C9600-LC-40YL4CD,"Core,Distribution",Fiber,44,"25G, 100G",,,,,,,No,,,,,,C9610 SmartSwitch: 44x 25G / 100G Fiber downlinks,,https://www.cisco.com/c/en/us/products/collateral/switches/catalyst-9000-switches/c9000-smart-switches-faq.html
Catalyst,C9610 SmartSwitch,Line Card,C9600X-LC-56YL4C,"Core,Distribution",Fiber,60,"25G, 100G",,,,,,,No,,,,,,C9610 SmartSwitch: 60x 25G / 100G Fiber downlinks,,https://www.cisco.com/c/en/us/products/collateral/switches/catalyst-9000-switches/c9000-smart-switches-faq.html
Catalyst,C9610 SmartSwitch,Line Card,C9600-LC-48TX,"Core,Distribution",Copper,48,10G,,,,,,,No,,,,,Multigigabit,C9610 SmartSwitch: 48x 10G Copper downlinks,,https://www.cisco.com/c/en/us/products/collateral/switches/catalyst-9000-switches/c9000-smart-switches-faq.html
Catalyst,IE1000,Rugged,IE-1000-4T1T-LM,Access,Copper,5,100M,Copper,1,100M,,,,No,,,Dual DC,Layer 2 Access,"rugged, Redundant PSU, DC Power","IE1000 with 4 FE Copper ports and 1 FE Copper uplinks, Rugged",,
Catalyst,IE1000,Rugged,IE-1000-6T2T-LM,Access,Copper,6,100M,Copper,2,100M,,,,No,,,Dual DC,Layer 2 Access,"rugged, Redundant PSU, DC Power","IE1000 with 6 FE Copper ports and 2 FE Copper uplinks, Rugged",,
Catalyst,IE1000,Rugged,IE-1000-4P2S-LM,Access,Copper,4,1G,Fiber,2,1Gbps,,,PoE+,No,,,Dual DC,Layer 2 Access,"rugged, PoE, Redundant PSU, DC Power","IE1000 with 4 FE Copper PoE+ ports and 2 GE SFP uplinks, Rugged",,
Catalyst,IE1000,Rugged,IE-1000-8P2S-LM,Access,Copper,8,1G,Fiber,2,1Gbps,,,PoE+,No,,,Dual DC,Layer 2 Access,"rugged, PoE, Redundant PSU, DC Power","IE1000 with 8 FE Copper PoE+ ports and 2 GE SFP uplinks, Rugged",,
Catalyst,IE3100,Rugged,IE-3100-4T2S,Access,Copper,4,1G,Fiber,2,1Gbps,No,No,,No,Fanless,No,Dual DC,Layer 2 Access,"rugged, Redundant PSU, DC Power",IE3100: 4x 1G Copper downlinks and 2x 1G Fiber uplinks Rugged,,https://www.cisco.com/c/en/us/products/collateral/networking/industrial-switches/catalyst-ie3100-rugged-series/catalyst-ie3100-rugged-series-ds.html
Catalyst,IE3100,Rugged,IE-3100-8T2C,Access,Copper,8,1G,"Copper, Fiber",2,1Gbps,No,No,,No,Fanless,No,Dual DC,Layer 2 Access,"rugged, Redundant PSU, DC Power",IE3100: 8x 1G Copper downlinks and 2x 1G Copper + Fiber uplinks Rugged,,https://www.cisco.com/c/en/us/products/collateral/networking/industrial-switches/catalyst-ie3100-rugged-series/catalyst-ie3100-rugged-series-ds.html
Catalyst,IE3100,Rugged,IE-3100-8T4S,Access,Copper,8,1G,Fiber,4,1Gbps,No,No,,No,Fanless,No,Dual DC,Layer 2 Access,"rugged, Redundant PSU, DC Power",IE3100: 8x 1G Copper downlinks and 4x 1G Fiber uplinks Rugged,,https://www.cisco.com/c/en/us/products/collateral/networking/industrial-switches/catalyst-ie3100-rugged-series/catalyst-ie3100-rugged-series-ds.html
Catalyst,IE3100,Rugged,IE-3100-18T2C,Access,Copper,18,1G,"Copper, Fiber",2,1Gbps,No,No,,No,Fanless,No,Dual DC,Layer 2 Access,"rugged, Redundant PSU, DC Power",IE3100: 18x 1G Copper downlinks and 2x 1G Copper + Fiber uplinks Rugged,,https://www.cisco.com/c/en/us/products/collateral/networking/industrial-switches/catalyst-ie3100-rugged-series/catalyst-ie3100-rugged-series-ds.html
Catalyst,IE3100,Rugged,IE-3100-18T2C-CC,Access,Copper,18,1G,"Copper, Fiber",2,1Gbps,No,No,,No,Fanless,No,Dual DC,Layer 2 Access,"rugged, Redundant PSU, DC Power","IE3100: 18x 1G Copper downlinks and 2x 1G Copper + Fiber uplinks Rugged, Conformal Coating",,https://www.cisco.com/c/en/us/products/collateral/networking/industrial-switches/catalyst-ie3100-rugged-series/catalyst-ie3100-rugged-series-ds.html
Catalyst,IE3100,Rugged,IE-3105-8T2C,Access,Copper,8,1G,"Copper, Fiber",2,1Gbps,No,No,,No,Fanless,No,Dual DC,Layer 2 Access,"rugged,  Redundant PSU, DC Power",IE3100: 8x 1G Copper downlinks and 2x 1G Copper + Fiber uplinks Rugged,,https://www.cisco.com/c/en/us/products/collateral/networking/industrial-switches/catalyst-ie3100-rugged-series/catalyst-ie3100-rugged-series-ds.html
Catalyst,IE3100,Rugged,IE-3105-18T2C,Access,Copper,18,1G,"Copper, Fiber",2,1Gbps,No,No,,No,Fanless,No,Dual DC,Layer 2 Access,"rugged,  Redundant PSU, DC Power",IE3100: 18x 1G Copper downlinks and 2x 1G Copper + Fiber uplinks Rugged,,https://www.cisco.com/c/en/us/products/collateral/networking/industrial-switches/catalyst-ie3100-rugged-series/catalyst-ie3100-rugged-series-ds.html
Catalyst,IE3100,Rugged,IE-3100-4P2S,Access,Copper,4,1G,Fiber,2,1Gbps,No,No,PoE+,No,Fanless,No,Dual DC,Layer 2 Access,"rugged, PoE, Redundant PSU, DC Power",IE3100: 4x PoE+ 1G Copper downlinks and 2x 1G Fiber uplinks Rugged,,https://www.cisco.com/c/en/us/products/collateral/networking/industrial-switches/catalyst-ie3100-rugged-series/catalyst-ie3100-rugged-series-ds.html
Catalyst,IE3100,Rugged,IE-3100-3P1U2S,Access,Copper,4,1G,Fiber,2,1Gbps,No,No,4PPoE,No,Fanless,No,Dual DC,Layer 2 Access,"rugged, PoE, Redundant PSU, DC Power",IE3100: 4x 4PPoE 1G Copper downlinks and 2x 1G Fiber uplinks Rugged,,https://www.cisco.com/c/en/us/products/collateral/networking/industrial-switches/catalyst-ie3100-rugged-series/catalyst-ie3100-rugged-series-ds.html
Catalyst,IE3100,Rugged,IE-3100-8P2C,Access,Copper,8,1G,"Copper, Fiber",2,1Gbps,No,No,PoE+,No,Fanless,No,Dual DC,Layer 2 Access,"rugged, PoE, Redundant PSU, DC Power",IE3100: 8x PoE+ 1G Copper downlinks and 2x 1G Copper + Fiber uplinks Rugged,,https://www.cisco.com/c/en/us/products/collateral/networking/industrial-switches/catalyst-ie3100-rugged-series/catalyst-ie3100-rugged-series-ds.html
Catalyst,IE3100,Rugged,IE-3100-6P2U2C,Access,Copper,8,1G,"Copper, Fiber",2,1Gbps,No,No,4PPoE,No,Fanless,No,Dual DC,Layer 2 Access,"rugged, PoE, Redundant PSU, DC Power",IE3100: 8x 4PPoE 1G Copper downlinks and 2x 1G Copper + Fiber uplinks Rugged,,https://www.cisco.com/c/en/us/products/collateral/networking/industrial-switches/catalyst-ie3100-rugged-series/catalyst-ie3100-rugged-series-ds.html
Catalyst,IE3100,Rugged,IE-3100H-6FT2T-E,Access,Copper,6,100M,Copper,2,1Gbps,No,No,,No,Fanless,No,Single DC,Layer 2 Access,"rugged, DC power, Heavyduty","IE3100: IP67 w/6FE 2GE M12 Ports, Rugged Heavy Duty",,https://www.cisco.com/c/en/us/products/collateral/networking/industrial-switches/catalyst-ie3100-heavy-duty-series/catalyst-ie3100-heavy-duty-series-ds.html#Orderinginformation
Catalyst,IE3100,Rugged,IE-3100H-8T-E,Access,Copper,8,1G,,,,No,No,,No,Fanless,No,Single DC,Layer 2 Access,"rugged, DC power, Heavyduty","IE3100: IP67 w/8GE M12 Ports, Rugged Heavy Duty",,https://www.cisco.com/c/en/us/products/collateral/networking/industrial-switches/catalyst-ie3100-heavy-duty-series/catalyst-ie3100-heavy-duty-series-ds.html#Orderinginformation
Catalyst,IE3200,Rugged,IE-3200-8T2S,Access,Copper,8,1G,Fiber,2,1Gbps,No,No,,No,Fanless,No,Dual DC,Layer 2 Access,"rugged, Redundant PSU, DC Power",IE-3200: 8x 1G Copper downlinks and 2x 1G SFP Fiber uplinks Rugged,,https://www.cisco.com/c/en/us/products/collateral/switches/catalyst-ie3200-rugged-series/cat-ie3200-rugged-series-ds.html
Catalyst,IE3200,Rugged,IE-3200-8P2S,Access,Copper,8,1G,Fiber,2,1Gbps,No,No,PoE+,No,Fanless,No,Dual DC,Layer 2 Access,"rugged, PoE, Redundant PSU, DC Power",IE-3200: 8x PoE+ 1G Copper downlinks and 2x 1G SFP Fiber uplinks Rugged,,https://www.cisco.com/c/en/us/products/collateral/switches/catalyst-ie3200-rugged-series/cat-ie3200-rugged-series-ds.html
Catalyst,IE3300,Rugged,IE-3300-8P2S,Access,Copper,8,1G,Fiber,2,1Gbps,Yes,No,PoE+,No,Fanless,No,Dual DC,Basic L3,"rugged, PoE,  Redundant PSU, DC power",IE3300: 8x PoE+ 1G Copper downlinks and 2x 1G Fiber uplinks Rugged,,https://www.cisco.com/c/en/us/products/collateral/switches/catalyst-ie3300-rugged-series/catalyst-ie3300-rugged-series-ds.html
Catalyst,IE3300,Rugged,IE-3300-8U2X,Access,Copper,8,1G,Fiber,2,10Gbps,Yes,No,4PPoE,No,Fanless,No,Dual DC,Basic L3,"rugged, PoE,  Redundant PSU, DC power",IE3300: 8x 4PPoE 1G Copper downlinks and 2x 10G Fiber uplinks Rugged,,https://www.cisco.com/c/en/us/products/collateral/switches/catalyst-ie3300-rugged-series/catalyst-ie3300-rugged-series-ds.html
Catalyst,IE3300,Rugged,IE-3300-8T2S,Access,Copper,8,1G,Fiber,2,1Gbps,Yes,No,,No,Fanless,No,Dual DC,Basic L3,"rugged,  Redundant PSU, DC Power",IE3300: 8x 1G Copper downlinks and 2x 1G Fiber uplinks Rugged,,https://www.cisco.com/c/en/us/support/switches/catalyst-ie3300-rugged-series/series.html
Catalyst,IE3300,Rugged,IE-3300-8T2X,Access,Copper,8,1G,Fiber,2,10Gbps,Yes,No,,No,Fanless,No,Dual DC,Basic L3,"rugged,  Redundant PSU, DC Power",IE3300: 8x 1G Copper downlinks and 2x 10G Fiber uplinks Rugged,,https://www.cisco.com/c/en/us/support/switches/catalyst-ie3300-rugged-series/series.html
Catalyst,IE3300,Module,IEM-3300-8T,Access,Copper,8,1G,,,,,,,No,Fanless,,,,rugged,IE3300: 8x 1G Copper downlinks Rugged,,
Catalyst,IE3300,Module,IEM-3300-8P,Access,Copper,8,1G,,,,,,PoE+,No,Fanless,,,,"rugged, PoE",IE3300: 8x PoE+ 1G Copper downlinks Rugged,,
Catalyst,IE3300,Module,IEM-3300-8S,Access,Fiber,8,1G,,,,,,,No,Fanless,,,,rugged,IE3300: 8x 1G Fiber downlinks Rugged,,
Catalyst,IE3300,Module,IEM-3300-16T,Access,Copper,16,1G,,,,,,,No,Fanless,,,,rugged,IE3300: 16x 1G Copper downlinks Rugged,,
Catalyst,IE3300,Module,IEM-3300-16P,Access,Copper,16,1G,,,,,,PoE+,No,Fanless,,,,"rugged, PoE",IE3300: 16x PoE+ 1G Copper downlinks Rugged,,
Catalyst,IE3300,Module,IEM-3300-6T2S,Access,"Copper, Fiber",8,1G,,,,,,,No,Fanless,,,,rugged,IE3300: 8x 1G Copper/ Fiber downlinks Rugged,,
Catalyst,IE3300,Module,IEM-3300-14T2S,Access,"Copper, Fiber",16,1G,,,,,,,No,Fanless,,,,rugged,IE3300: 16x 1G Copper/ Fiber downlinks Rugged,,
Catalyst,IE3300,Module,IEM-3300-4MU,Access,Copper,4,2.5G,,,,,,4PPoE,No,Fanless,,,,"rugged, PoE, Multigigabit",IE3300: 4x 4PPoE 2.5G Copper downlinks Rugged,,
Catalyst,IE3400,Rugged,IE-3400-8T2S,Access,Copper,8,1G,Fiber,2,1Gbps,Yes,No,,No,Fanless,No,Dual DC,Basic L3,"rugged, Redundant PSU, DC power",IE3400: 8x 1G Copper downlinks and 2x 1G Fiber uplinks Rugged,,https://www.cisco.com/c/en/us/products/collateral/switches/catalyst-ie3400-rugged-series/cat-ie3400-rugged-series-ds.html
Catalyst,IE3400,Rugged,IE-3400-8P2S,Access,Copper,8,1G,Fiber,2,1Gbps,Yes,No,PoE+,No,Fanless,No,Dual DC,Basic L3,"rugged, PoE, Redundant PSU, DC power",IE3400: 8x PoE+ 1G Copper downlinks and 2x 1G Fiber uplinks Rugged,,https://www.cisco.com/c/en/us/products/collateral/switches/catalyst-ie3400-rugged-series/cat-ie3400-rugged-series-ds.html
Catalyst,IE3400,Rugged,IE-3400H-8FT,Access,Copper,8,100M,,,,No,No,,No,Fanless,No,Single DC,Basic L3,"rugged, DC power, Heavyduty","Catalyst IE3400 Heavy Duty w/ 8 FE M12 interfaces, IP67",Heavy Duty industrial switch with M12 connectors,
Catalyst,IE3400,Rugged,IE-3400H-16FT,Access,Copper,16,100M,,,,No,No,,No,Fanless,No,Single DC,Basic L3,"rugged, DC power, Heavyduty","Catalyst IE3400 Heavy Duty w/ 16 FE M12 interfaces, IP67",Heavy Duty industrial switch with M12 connectors,https://www.cisco.com/c/en/us/products/collateral/switches/catalyst-ie3400-rugged-series/cat-ie3400-rugged-series-ds.html
Catalyst,IE3400,Rugged,IE-3400H-24FT,Access,Copper,24,100M,,,,No,No,,No,Fanless,No,Single DC,Basic L3,"rugged, DC power, Heavyduty","Catalyst IE3400 Heavy Duty w/ 24 FE M12 interfaces, IP67",Heavy Duty industrial switch with M12 connectors,https://www.cisco.com/c/en/us/products/collateral/switches/catalyst-ie3400-rugged-series/cat-ie3400-rugged-series-ds.html
Catalyst,IE3400,Rugged,IE-3400H-8T,Access,Copper,8,1G,,,,No,No,,No,Fanless,No,Single DC,Basic L3,"rugged, DC power, Heavyduty","Catalyst IE3400 Heavy Duty w/ 8 GE M12 interfaces, IP67,",Heavy Duty industrial switch with M12 connectors,https://www.cisco.com/c/en/us/products/collateral/switches/catalyst-ie3400-rugged-series/cat-ie3400-rugged-series-ds.html
Catalyst,IE3400,Rugged,IE-3400H-16T,Access,Copper,16,1G,,,,No,No,,No,Fanless,No,Single DC,Basic L3,"rugged, DC power, Heavyduty","Catalyst IE3400 Heavy Duty w/ 16 GE M12 interfaces, IP67",Heavy Duty industrial switch with M12 connectors,https://www.cisco.com/c/en/us/products/collateral/switches/catalyst-ie3400-rugged-series/cat-ie3400-rugged-series-ds.html
Catalyst,IE3400,Rugged,IE-3400H-24T,Access,Copper,24,1G,,,,No,No,,No,Fanless,No,Single DC,Basic L3,"rugged, DC power, Heavyduty","Catalyst IE3400 Heavy Duty w/ 24 GE M12 interfaces, IP67",Heavy Duty industrial switch with M12 connectors,https://www.cisco.com/c/en/us/products/collateral/switches/catalyst-ie3400-rugged-series/cat-ie3400-rugged-series-ds.html
Catalyst,IE3400,Module,IEM-3300-8T,Access,Copper,8,1G,,,,,,,No,Fanless,,,,rugged,IE3400: 8x 1G Copper downlinks Rugged,,
Catalyst,IE3400,Module,IEM-3300-8P,Access,Copper,8,1G,,,,,,PoE+,No,Fanless,,,,"rugged, PoE",IE3400: 8x PoE+ 1G Copper downlinks Rugged,,
Catalyst,IE3400,Module,IEM-3300-8S,Access,Fiber,8,1G,,,,,,,No,Fanless,,,,rugged,IE3400: 8x 1G Fiber downlinks Rugged,,
Catalyst,IE3400,Module,IEM-3300-16T,Access,Copper,16,1G,,,,,,,No,Fanless,,,,rugged,IE3400: 16x 1G Copper downlinks Rugged,,
Catalyst,IE3400,Module,IEM-3300-16P,Access,Copper,16,1G,,,,,,PoE+,No,Fanless,,,,"rugged, PoE",IE3400: 16x PoE+ 1G Copper downlinks Rugged,,
Catalyst,IE3400,Module,IEM-3300-6T2S,Access,"Copper, Fiber",8,1G,,,,,,,No,Fanless,,,,rugged,IE3400: 8x 1G Copper/ Fiber downlinks Rugged,,
Catalyst,IE3400,Module,IEM-3300-14T2S,Access,"Copper, Fiber",16,1G,,,,,,,No,Fanless,,,,rugged,IE3400: 16x 1G Copper/ Fiber downlinks Rugged,,
Catalyst,IE3400,Module,IEM-3300-4MU,Access,Copper,4,2.5G,,,,,,4PPoE,No,Fanless,,,,"rugged, PoE, Multigigabit",IE3400: 4x 4PPoE 2.5G Copper downlinks Rugged,,
Catalyst,IE3400,Module,IEM-3400-8T,Access,Copper,8,1G,,,,,,,No,Fanless,,,,rugged,IE3400: 8x 1G Copper downlinks Rugged,,
Catalyst,IE3400,Module,IEM-3400-8S,Access,Fiber,8,1G,,,,,,,No,Fanless,,,,rugged,IE3400: 8x 1G Fiber downlinks Rugged,,
Catalyst,IE9300,Rugged,IE-9310-26S2C,Access,Fiber,24,1G,"Copper, Fiber",4,1Gbps,No,No,,No,Fanless,No,Dual DC,Basic L3,"rugged,  Redundant PSU, DC Power",IE9300: 26x 1G Fiber downlinks and 2x 1G Copper + Fiber uplinks Rugged,,https://www.cisco.com/c/en/us/support/switches/catalyst-ie9300-rugged-series/series.html
Catalyst,IE9300,Rugged,IE-9320-26S2C,Access,Fiber,24,1G,"Copper, Fiber",4,1Gbps,No,No,,No,Fanless,Yes,Dual DC,Basic L3,"rugged, Stacking,  Redundant PSU, DC Power",IE9300: 26x 1G Fiber downlinks and 2x 1G Copper + Fiber uplinks Rugged,,https://www.cisco.com/c/en/us/support/switches/catalyst-ie9300-rugged-series/series.html
Catalyst,IE9300,Rugged,IE-9320-22S2C4X,Access,Fiber,24,1G,Fiber,4,10Gbps,No,No,,No,Fanless,Yes,Dual DC,Basic L3,"rugged, Stacking,  Redundant PSU, DC Power",IE9300: 24x 1G Fiber downlinks and 4x 10G Fiber uplinks Rugged,,https://www.cisco.com/c/en/us/support/switches/catalyst-ie9300-rugged-series/series.html
Catalyst,IE9300,Rugged,IE-9320-24P4S,Access,Copper,24,1G,Fiber,4,1Gbps,No,No,PoE+,No,Fanless,Yes,Dual DC,Basic L3,"rugged, PoE, Stacking,  Redundant PSU, DC Power",IE9300: 24x PoE+ 1G Copper downlinks and 4x 1G Fiber uplinks Rugged,,https://www.cisco.com/c/en/us/support/switches/catalyst-ie9300-rugged-series/series.html
Catalyst,IE9300,Rugged,IE-9320-24T4X,Access,Copper,24,1G,Fiber,4,10Gbps,No,No,,No,Fanless,Yes,Dual DC,Basic L3,"rugged, Stacking,  Redundant PSU, DC Power",IE9300: 24x 1G Copper downlinks and 4x 10G Fiber uplinks Rugged,,https://www.cisco.com/c/en/us/support/switches/catalyst-ie9300-rugged-series/series.html
Catalyst,IE9300,Rugged,IE-9320-24P4X,Access,Copper,24,1G,Fiber,4,10Gbps,No,No,PoE+,No,Fanless,Yes,Dual DC,Basic L3,"rugged, PoE, Stacking,  Redundant PSU, DC Power",IE9300: 24x PoE+ 1G Copper downlinks and 4x 10G Fiber uplinks Rugged,,https://www.cisco.com/c/en/us/support/switches/catalyst-ie9300-rugged-series/series.html
Catalyst,IE9300,Rugged,IE-9320-16P8U4X,Access,Copper,24,"1G, 2.5G",Fiber,4,10Gbps,No,No,4PPoE,No,Fanless,Yes,Dual DC,Basic L3,"rugged, PoE, Stacking, Multigigabit,  Redundant PSU, DC Power",IE9300: 16 ports 1G Copper PoE+ and 8 ports 2.5G 4PPoE downlinks and 4x 1/10G Fiber uplinks Rugged,,https://www.cisco.com/c/en/us/support/switches/catalyst-ie9300-rugged-series/series.html
Catalyst,IE9300,Rugged,IE-9310-16P8S4X,Access,"Copper, Fiber",24,1G,Fiber,4,10Gbps,No,No,PoE+,No,Fanless,No,Dual DC,Basic L3,"rugged, PoE,  Redundant PSU, DC Power",IE9300: 16x PoE+ 1G Copper and 8x 1G Fiber downlinks and 4x 10G Fiber uplinks Rugged,,https://www.cisco.com/c/en/us/support/switches/catalyst-ie9300-rugged-series/series.html
Cisco Business,CBS220,Rack,CBS220-8T-E-2G,Access,Copper,8,1G,Fiber,2,1Gbps,No,No,,No,Fanless,No,Fixed AC,Layer 2 Access,"smart managed, SMB",CBS220: 8x 1G Copper downlinks and 2x 1G Fiber uplinks,,https://www.cisco.com/c/en/us/products/switches/cisco-business-switches/index.html
Cisco Business,CBS220,Rack,CBS220-8P-E-2G,Access,Copper,8,1G,Fiber,2,1Gbps,No,No,PoE+,No,Fans,No,Fixed AC,Layer 2 Access,"smart managed, PoE, SMB",CBS220: 8x PoE+ 1G Copper downlinks and 2x 1G Fiber uplinks,,https://www.cisco.com/c/en/us/products/switches/cisco-business-switches/index.html
Cisco Business,CBS220,Rack,CBS220-8FP-E-2G,Access,Copper,8,1G,Fiber,2,1Gbps,No,No,PoE+ (Full),No,Fans,No,Fixed AC,Layer 2 Access,"smart managed, PoE, SMB",CBS220: 8x PoE+ (Full) 1G Copper downlinks and 2x 1G Fiber uplinks,,https://www.cisco.com/c/en/us/products/switches/cisco-business-switches/index.html
Cisco Business,CBS220,Rack,CBS220-16T-2G,Access,Copper,16,1G,Fiber,2,1Gbps,No,No,,No,Fanless,No,Fixed AC,Layer 2 Access,"smart managed, SMB",CBS220: 16x 1G Copper downlinks and 2x 1G Fiber uplinks,,https://www.cisco.com/c/en/us/products/switches/cisco-business-switches/index.html
Cisco Business,CBS220,Rack,CBS220-16P-2G,Access,Copper,16,1G,Fiber,2,1Gbps,No,No,PoE+,No,Fans,No,Fixed AC,Layer 2 Access,"smart managed, PoE, SMB",CBS220: 16x PoE+ 1G Copper downlinks and 2x 1G Fiber uplinks,,https://www.cisco.com/c/en/us/products/switches/cisco-business-switches/index.html
Cisco Business,CBS220,Rack,CBS220-24T-4G,Access,Copper,24,1G,Fiber,4,1Gbps,No,No,,No,Fanless,No,Fixed AC,Layer 2 Access,"smart managed, SMB",CBS220: 24x 1G Copper downlinks and 4x 1G Fiber uplinks,,https://www.cisco.com/c/en/us/products/switches/cisco-business-switches/index.html
Cisco Business,CBS220,Rack,CBS220-24P-4G,Access,Copper,24,1G,Fiber,4,1Gbps,No,No,PoE+,No,Fans,No,Fixed AC,Layer 2 Access,"smart managed, PoE, SMB",CBS220: 24x PoE+ 1G Copper downlinks and 4x 1G Fiber uplinks,,https://www.cisco.com/c/en/us/products/switches/cisco-business-switches/index.html
Cisco Business,CBS220,Rack,CBS220-24FP-4G,Access,Copper,24,1G,Fiber,4,1Gbps,No,No,PoE+ (Full),No,Fans,No,Fixed AC,Layer 2 Access,"smart managed, PoE, SMB",CBS220: 24x PoE+ (Full) 1G Copper downlinks and 4x 1G Fiber uplinks,,https://www.cisco.com/c/en/us/products/switches/cisco-business-switches/index.html
Cisco Business,CBS220,Rack,CBS220-48T-4G,Access,Copper,48,1G,Fiber,4,1Gbps,No,No,,No,Fans,No,Fixed AC,Layer 2 Access,"smart managed, SMB",CBS220: 48x 1G Copper downlinks and 4x 1G Fiber uplinks,,https://www.cisco.com/c/en/us/products/switches/cisco-business-switches/index.html
Cisco Business,CBS220,Rack,CBS220-48P-4G,Access,Copper,48,1G,Fiber,4,1Gbps,No,No,PoE+,No,Fans,No,Fixed AC,Layer 2 Access,"smart managed, PoE, SMB",CBS220: 48x PoE+ 1G Copper downlinks and 4x 1G Fiber uplinks,,https://www.cisco.com/c/en/us/products/switches/cisco-business-switches/index.html
Cisco Business,CBS220,Rack,CBS220-24T-4X,Access,Copper,24,1G,Fiber,4,10Gbps,No,No,,No,Fanless,No,Fixed AC,Layer 2 Access,"smart managed, SMB",CBS220: 24x 1G Copper downlinks and 4x 10G Fiber uplinks,,https://www.cisco.com/c/en/us/products/switches/cisco-business-switches/index.html
Cisco Business,CBS220,Rack,CBS220-24P-4X,Access,Copper,24,1G,Fiber,4,10Gbps,No,No,PoE+,No,Fans,No,Fixed AC,Layer 2 Access,"smart managed, PoE, SMB",CBS220: 24x PoE+ 1G Copper downlinks and 4x 10G Fiber uplinks,,https://www.cisco.com/c/en/us/products/switches/cisco-business-switches/index.html
Cisco Business,CBS220,Rack,CBS220-24FP-4X,Access,Copper,24,1G,Fiber,4,10Gbps,No,No,PoE+ (Full),No,Fans,No,Fixed AC,Layer 2 Access,"smart managed, PoE, SMB",CBS220: 24x PoE+ (Full) 1G Copper downlinks and 4x 10G Fiber uplinks,,https://www.cisco.com/c/en/us/products/switches/cisco-business-switches/index.html
Cisco Business,CBS220,Rack,CBS220-48T-4X,Access,Copper,48,1G,Fiber,4,10Gbps,No,No,,No,Fans,No,Fixed AC,Layer 2 Access,"smart managed, SMB",CBS220: 48x 1G Copper downlinks and 4x 10G Fiber uplinks,,https://www.cisco.com/c/en/us/products/switches/cisco-business-switches/index.html
Cisco Business,CBS220,Rack,CBS220-48P-4X,Access,Copper,48,1G,Fiber,4,10Gbps,No,No,PoE+,No,Fans,No,Fixed AC,Layer 2 Access,"smart managed, PoE, SMB",CBS220: 48x PoE+ 1G Copper downlinks and 4x 10G Fiber uplinks,,https://www.cisco.com/c/en/us/products/switches/cisco-business-switches/index.html
Cisco Business,CBS220,Rack,CBS220-48FP-4X,Access,Copper,48,1G,Fiber,4,10Gbps,No,No,PoE+ (Full),No,Fans,No,Fixed AC,Layer 2 Access,"smart managed, PoE, SMB",CBS220: 48x PoE+ (Full) 1G Copper downlinks and 4x 10G Fiber uplinks,,https://www.cisco.com/c/en/us/products/switches/cisco-business-switches/index.html
Cisco Business,CBS110,Desktop,CBS110-5T-D,Access,Copper,5,1G,,,,No,No,,No,Fanless,No,Fixed AC,Unmanaged,"unmanaged, SMB",CBS110: 5x 1G Copper downlinks Unmanaged,Unmanaged,https://www.cisco.com/c/en/us/products/switches/cisco-business-switches/index.html
Cisco Business,CBS110,Desktop,CBS110-8T-D,Access,Copper,8,1G,,,,No,No,,No,Fanless,No,Fixed AC,Unmanaged,"unmanaged, SMB",CBS110: 8x 1G Copper downlinks Unmanaged,Unmanaged,https://www.cisco.com/c/en/us/products/switches/cisco-business-switches/index.html
Cisco Business,CBS110,Desktop,CBS110-8PP-D,Access,Copper,8,1G,,,,No,No,PoE (Partial),No,Fans,No,Fixed AC,Unmanaged,"unmanaged, PoE, SMB",CBS110: 8x PoE (Partial) 1G Copper downlinks Unmanaged,Unmanaged,https://www.cisco.com/c/en/us/products/switches/cisco-business-switches/index.html
Cisco Business,CBS110,Rack,CBS110-16T,Access,Copper,16,1G,,,,No,No,,No,Fanless,No,Fixed AC,Unmanaged,"unmanaged, SMB",CBS110: 16x 1G Copper downlinks Unmanaged,Unmanaged,https://www.cisco.com/c/en/us/products/switches/cisco-business-switches/index.html
Cisco Business,CBS110,Rack,CBS110-16PP,Access,Copper,16,1G,,,,No,No,PoE (Partial),No,Fans,No,Fixed AC,Unmanaged,"unmanaged, PoE, SMB",CBS110: 16x PoE (Partial) 1G Copper downlinks Unmanaged,Unmanaged,https://www.cisco.com/c/en/us/products/switches/cisco-business-switches/index.html
Cisco Business,CBS110,Rack,CBS110-24T,Access,Copper,24,1G,,,,No,No,,No,Fanless,No,Fixed AC,Unmanaged,"unmanaged, SMB",CBS110: 24x 1G Copper downlinks Unmanaged,Unmanaged,https://www.cisco.com/c/en/us/products/switches/cisco-business-switches/index.html
Cisco Business,CBS110,Rack,CBS110-24PP,Access,Copper,24,1G,,,,No,No,PoE (Partial),No,Fans,No,Fixed AC,Unmanaged,"unmanaged, PoE, SMB",CBS110: 24x PoE (Partial) 1G Copper downlinks Unmanaged,Unmanaged,https://www.cisco.com/c/en/us/products/switches/cisco-business-switches/index.html
